# https://github.com/mikedh/trimesh
v 0.02926020 -0.02539937 0.00219812
v 0.02826534 -0.02527478 0.00120510
v 0.02926020 -0.02521852 0.00120510
v 0.03009916 -0.02501757 0.00219812
v 0.02999151 -0.02488495 0.00292812
v 0.02927134 -0.02498944 0.00323407
v 0.02894838 -0.02477242 0.00381378
v 0.02848436 -0.02477242 0.00381378
v 0.02819852 -0.02492112 0.00326091
v 0.02826534 -0.02527478 0.00219812
v 0.02727418 -0.02490906 0.00020672
v 0.02819852 -0.02487691 0.00014767
v 0.02727418 -0.02507384 0.00120510
v 0.02575961 -0.02469204 -0.00029784
v 0.02994696 -0.02488495 0.00120510
v 0.02848436 -0.02463980 -0.00022270
v 0.02926020 -0.02481663 0.00048583
v 0.02978734 -0.02470410 0.00067907
v 0.03059659 -0.02450316 0.00219812
v 0.03188843 -0.02285943 0.00391040
v 0.03044439 -0.02441876 0.00120510
v 0.03093069 -0.02392042 0.00120510
v 0.03277565 -0.02173817 0.00474775
v 0.03182904 -0.02078167 0.00781269
v 0.03088243 -0.01982116 0.01088298
v 0.03062629 -0.01963629 0.01154321
v 0.02996181 -0.01979303 0.01177938
v 0.02684357 -0.02272681 0.00772144
v 0.02627932 -0.02246558 0.00824210
v 0.02627932 -0.02273485 0.00774291
v 0.02877020 -0.02070933 0.01066291
v 0.02558143 -0.02271877 0.00771607
v 0.01778583 -0.02171003 0.00868225
v 0.01035403 -0.02044409 0.00219812
v 0.02575590 -0.02470008 0.00073811
v 0.01739976 -0.02176630 0.00810791
v 0.01677611 -0.02171807 0.00773217
v 0.01667588 -0.02174219 0.00717393
v 0.01190943 -0.02068924 0.00446327
v 0.02727418 -0.02469606 -0.00030858
v 0.02781988 -0.02469606 -0.00030858
v 0.02390352 -0.02073345 -0.00929940
v 0.01766704 -0.02274289 -0.00277233
v 0.02164651 -0.02372751 -0.00197792
v 0.02164651 -0.02372751 -0.00235366
v 0.02229614 -0.02374359 -0.00239660
v 0.01931154 -0.02280317 -0.00451145
v 0.02030640 -0.01981714 -0.01147867
v 0.02130127 -0.01928263 -0.01272934
v 0.03065599 -0.02364312 -0.00017976
v 0.03084902 -0.02381191 0.00048047
v 0.02308312 -0.01978499 -0.01137669
v 0.02229614 -0.01883252 -0.01344324
v 0.02229614 -0.01855521 -0.01394243
v 0.02291607 -0.01875214 -0.01328757
v 0.02535127 -0.02003014 -0.00982543
v 0.02727418 -0.01721693 -0.01372235
v 0.02727418 -0.01682709 -0.01439868
v 0.02826534 -0.01589471 -0.01550442
v 0.02891497 -0.01579022 -0.01532192
v 0.02957574 -0.01564554 -0.01506427
v 0.03087130 -0.01581836 -0.01338419
v 0.03099009 -0.02400883 0.00219812
v 0.03192556 -0.02291570 0.00319650
v 0.03280906 -0.02178639 0.00418952
v 0.03688133 -0.01593088 0.00020672
v 0.03782422 -0.01486588 0.00120510
v 0.03838477 -0.01429922 0.00219812
v 0.03280163 -0.02077765 -0.00241270
v 0.03398582 -0.01901739 -0.00377072
v 0.03286103 -0.02085803 -0.00177932
v 0.03448326 -0.01838240 -0.00377072
v 0.03371854 -0.01868783 0.00763019
v 0.03381135 -0.01780368 0.00878960
v 0.03268284 -0.02063297 0.00656739
v 0.03158403 -0.01951572 0.01016372
v 0.03125736 -0.01922235 0.01116747
v 0.03580851 -0.01781976 0.00394797
v 0.03877826 -0.01382097 0.00383525
v 0.03389302 -0.01992565 0.00518253
v 0.03377423 -0.01975686 0.00575687
v 0.03591245 -0.01299308 0.01214975
v 0.03578252 -0.01280821 0.01274019
v 0.03097153 -0.01897318 0.01192968
v 0.03067826 -0.01865167 0.01258990
v 0.03032189 -0.01925852 0.01218732
v 0.03001378 -0.01888074 0.01280461
v 0.02926020 -0.01900533 0.01295490
v 0.02926020 -0.01950367 0.01237519
v 0.02926020 -0.01985733 0.01187600
v 0.02727418 -0.02160152 0.00948739
v 0.02627932 -0.02196724 0.00907945
v 0.02528445 -0.02196322 0.00909556
v 0.02826534 -0.01990154 0.01194578
v 0.02627932 -0.02125992 0.01016372
v 0.02727418 -0.02117150 0.01016372
v 0.02627932 -0.02164573 0.00957864
v 0.02526589 -0.02249774 0.00809717
v 0.02130127 -0.02183060 0.00888622
v 0.02030640 -0.02179845 0.00882717
v 0.01831667 -0.02173013 0.00871445
v 0.02030640 -0.01991761 0.01199946
v 0.02229614 -0.01780368 0.01576755
v 0.02153514 -0.01776349 0.01570851
v 0.01831667 -0.02061690 0.01051798
v 0.01732180 -0.02086205 0.00989534
v 0.01659421 -0.02078167 0.00977725
v 0.01592973 -0.02067316 0.00957864
v 0.01712134 -0.02162564 0.00839776
v 0.01234376 -0.02104692 0.00120510
v 0.01035403 -0.02034763 0.00319650
v 0.00935916 -0.02014669 0.00219812
v 0.01149738 -0.02080981 0.00120510
v 0.01458221 -0.02177836 -0.00078093
v 0.01632323 -0.02231688 -0.00177932
v 0.01532836 -0.02198332 -0.00078093
v 0.01639747 -0.02145283 0.00810791
v 0.01280407 -0.02072541 0.00573003
v 0.00868725 -0.01980910 0.00298179
v 0.02130127 -0.01889280 -0.01359890
v 0.02130127 -0.01865167 -0.01409809
v 0.02130127 -0.01833819 -0.01471537
v 0.02130127 -0.01790415 -0.01555809
v 0.01716960 -0.02259419 -0.00277233
v 0.01769302 -0.02273887 -0.00377072
v 0.01831667 -0.02288355 -0.00377072
v 0.01778583 -0.02271073 -0.00429675
v 0.01831667 -0.02275896 -0.00440947
v 0.01831667 -0.02254998 -0.00490866
v 0.01831667 -0.02218426 -0.00575675
v 0.01931154 -0.02166181 -0.00715771
v 0.02030640 -0.01927459 -0.01272934
v 0.02030640 -0.01888878 -0.01361500
v 0.02030640 -0.01866774 -0.01411419
v 0.02030640 -0.01839848 -0.01471537
v 0.03162115 -0.01664624 -0.01110830
v 0.03387075 -0.01782378 -0.00643308
v 0.03388188 -0.01887672 -0.00451682
v 0.02130127 -0.01762283 -0.01605728
v 0.02208083 -0.01780368 -0.01535949
v 0.02428958 -0.01883654 -0.01243948
v 0.02424504 -0.01694364 -0.01574059
v 0.02765654 -0.01568975 -0.01615390
v 0.02826534 -0.01559330 -0.01599824
v 0.02925278 -0.01542450 -0.01567618
v 0.02982075 -0.01478550 -0.01626126
v 0.03073023 -0.01471316 -0.01518236
v 0.03097524 -0.01494626 -0.01452213
v 0.03153578 -0.01552498 -0.01293331
v 0.03282391 -0.01679494 -0.00934771
v 0.03669201 -0.01668241 0.00319650
v 0.03242299 -0.02226866 0.00319650
v 0.03707065 -0.01618407 0.00319650
v 0.03776854 -0.01479354 0.00037848
v 0.03542244 -0.01714459 -0.00378145
v 0.03876341 -0.01380088 0.00219812
v 0.03473568 -0.01771929 -0.00526293
v 0.03478394 -0.01778359 -0.00476373
v 0.03566373 -0.01663821 -0.00476373
v 0.03447954 -0.01542450 0.01115674
v 0.03277565 -0.01974480 0.00772680
v 0.03371483 -0.01669447 0.01061460
v 0.03292413 -0.01793229 0.01016372
v 0.03258261 -0.01752638 0.01136607
v 0.03163601 -0.01858335 0.01145732
v 0.03756808 -0.01552096 0.00319650
v 0.03793930 -0.01502262 0.00319650
v 0.03843673 -0.01435146 0.00319650
v 0.03880424 -0.01385312 0.00319650
v 0.03918660 -0.01324225 0.00319650
v 0.03960237 -0.01247866 0.00319650
v 0.03950956 -0.01233800 0.00418952
v 0.03971373 -0.01175125 0.00469408
v 0.03961721 -0.01159049 0.00535967
v 0.03970259 -0.01073447 0.00664790
v 0.03884136 -0.01292476 0.00518253
v 0.03864091 -0.01362807 0.00450084
v 0.03774256 -0.01476139 0.00473165
v 0.03760521 -0.01456848 0.00539724
v 0.03582335 -0.01386920 0.01088298
v 0.03609806 -0.01330254 0.01118894
v 0.03644329 -0.01222146 0.01218196
v 0.03667716 -0.01167489 0.01253085
v 0.03599040 -0.01222548 0.01309983
v 0.03583078 -0.01187583 0.01374931
v 0.03552638 -0.01253895 0.01340042
v 0.03484334 -0.01386518 0.01278850
v 0.03265315 -0.01663017 0.01252012
v 0.03360718 -0.01558526 0.01243424
v 0.03456121 -0.01452829 0.01234299
v 0.03168055 -0.01765097 0.01257380
v 0.02990241 -0.01784387 0.01374931
v 0.03280163 -0.00682812 0.02065749
v 0.02926020 -0.01799659 0.01389424
v 0.02926020 -0.01849493 0.01345409
v 0.02850663 -0.01863157 0.01356681
v 0.02784215 -0.01873606 0.01366880
v 0.02727418 -0.01877625 0.01372784
v 0.02826534 -0.01957199 0.01243961
v 0.02528445 -0.02084999 0.01088298
v 0.02528445 -0.02130413 0.01016372
v 0.02528445 -0.02165779 0.00959475
v 0.02428958 -0.02127198 0.01016372
v 0.02428958 -0.02163368 0.00955181
v 0.02428958 -0.02192705 0.00905261
v 0.02353230 -0.01972873 0.01268115
v 0.02727418 -0.01994575 0.01201019
v 0.02428958 -0.01858736 0.01444711
v 0.02523990 -0.01997388 0.01223563
v 0.02428958 -0.01891691 0.01394792
v 0.02528445 -0.02052848 0.01138218
v 0.02229614 -0.02156937 0.00943909
v 0.01931154 -0.02146890 0.00927269
v 0.02029156 -0.02046820 0.01107085
v 0.02130127 -0.01930273 0.01314814
v 0.02229614 -0.01818548 0.01513954
v 0.02329100 -0.01892495 0.01397475
v 0.02329100 -0.01819352 0.01513954
v 0.02329100 -0.01779966 0.01574608
v 0.02229614 -0.01742993 0.01626138
v 0.01831667 -0.01748619 0.01527910
v 0.01928555 -0.01900935 0.01322865
v 0.01831667 -0.02020296 0.01115674
v 0.02124188 -0.01744600 0.01607888
v 0.01891433 -0.01670653 0.01661027
v 0.01831667 -0.01698785 0.01603057
v 0.01700627 -0.01968050 0.01160762
v 0.01632323 -0.01962022 0.01151637
v 0.01433349 -0.01819352 0.01314814
v 0.01373212 -0.01773938 0.01367417
v 0.01234376 -0.01678691 0.01473696
v 0.01182405 -0.01673466 0.01465645
v 0.01480865 -0.01972069 0.01068438
v 0.01562162 -0.02080579 0.00891842
v 0.00860558 -0.01984527 0.00219812
v 0.00935916 -0.02008239 0.00120510
v 0.01035403 -0.02044811 0.00120510
v 0.01333863 -0.02138853 -0.00078093
v 0.01234376 -0.02108309 0.00020672
v 0.01408478 -0.02162966 -0.00078093
v 0.01099995 -0.02066111 0.00120510
v 0.01530609 -0.02094645 0.00817769
v 0.00835687 -0.01845474 0.00616481
v 0.00836058 -0.01923038 0.00418952
v 0.00889885 -0.01969256 0.00364738
v 0.00835687 -0.01923038 0.00418415
v 0.00835687 -0.01952778 0.00326628
v 0.00835687 -0.01970059 0.00219812
v 0.02030640 -0.01794836 -0.01567618
v 0.02030640 -0.01769919 -0.01617537
v 0.01632323 -0.02232492 -0.00277233
v 0.01532836 -0.02201949 -0.00177932
v 0.01719559 -0.02256204 -0.00377072
v 0.01686521 -0.02169396 -0.00623447
v 0.01632323 -0.02223249 -0.00377072
v 0.01012016 -0.01960816 -0.00476373
v 0.01075865 -0.01974480 -0.00536491
v 0.01039486 -0.01949161 -0.00572454
v 0.00835687 -0.01841455 -0.00668535
v 0.00835687 -0.01679092 -0.01142500
v 0.01205792 -0.01863961 -0.01001330
v 0.01140457 -0.01748619 -0.01267566
v 0.01082547 -0.01673466 -0.01424302
v 0.01752597 -0.02175826 -0.00637940
v 0.01831667 -0.02183060 -0.00655116
v 0.01886236 -0.02070129 -0.00923499
v 0.01931154 -0.01788004 -0.01556346
v 0.01931154 -0.01918216 -0.01272934
v 0.01931154 -0.01883654 -0.01348618
v 0.01931154 -0.01860746 -0.01398537
v 0.03397468 -0.01694766 -0.00757102
v 0.03425310 -0.01722898 -0.00676587
v 0.03453523 -0.01751030 -0.00592852
v 0.03421598 -0.01795640 -0.00566013
v 0.02329100 -0.01683513 -0.01633640
v 0.02388495 -0.01675074 -0.01624515
v 0.02130127 -0.01712449 -0.01662089
v 0.02699577 -0.01579424 -0.01628272
v 0.02826534 -0.01509496 -0.01657258
v 0.02926020 -0.01491411 -0.01639545
v 0.02932702 -0.01423090 -0.01693758
v 0.02970196 -0.01370442 -0.01717912
v 0.03007317 -0.01304131 -0.01743140
v 0.03034788 -0.01331861 -0.01702346
v 0.03019196 -0.01418267 -0.01646523
v 0.03083417 -0.01381293 -0.01627736
v 0.03250837 -0.01251885 -0.01589089
v 0.03053349 -0.01452427 -0.01571375
v 0.03174366 -0.01373256 -0.01520919
v 0.03198866 -0.01396565 -0.01454360
v 0.03655837 -0.00860045 -0.01598214
v 0.03495099 -0.01394556 -0.01053397
v 0.03354407 -0.01653774 -0.00874653
v 0.03900841 -0.01331057 0.00126414
v 0.03661034 -0.01557320 -0.00377072
v 0.03779082 -0.01382901 -0.00476373
v 0.03880053 -0.01285242 -0.00277233
v 0.03971002 -0.01174321 -0.00224094
v 0.03604237 -0.01613986 -0.00476373
v 0.03571199 -0.01669849 -0.00411962
v 0.03950214 -0.01245857 0.00020672
v 0.03956896 -0.01251885 0.00120510
v 0.03916061 -0.01324225 0.00219812
v 0.03655837 -0.01452427 -0.00675513
v 0.03882652 -0.01188387 -0.00647065
v 0.03975456 -0.01080681 -0.00634182
v 0.04068632 -0.00972975 -0.00611102
v 0.03483591 -0.01684719 -0.00643844
v 0.03669201 -0.00971769 -0.01415713
v 0.03580108 -0.01382499 -0.00937992
v 0.03286103 -0.01686326 0.01185990
v 0.03961350 -0.01254297 0.00219812
v 0.03985108 -0.01204463 0.00219812
v 0.04020374 -0.01124889 0.00219812
v 0.04056753 -0.01041698 0.00219812
v 0.04172574 -0.00781274 0.00184922
v 0.04012578 -0.01124889 0.00319650
v 0.03975085 -0.01183966 0.00418952
v 0.04106497 -0.00727020 0.00817232
v 0.04133224 -0.00627351 0.00916533
v 0.04078284 -0.00794135 0.00817232
v 0.04073458 -0.00781676 0.00875739
v 0.03978797 -0.00987041 0.00785563
v 0.03873371 -0.01276401 0.00571930
v 0.04062322 -0.00763591 0.00942298
v 0.04070859 -0.00676784 0.01065754
v 0.03779824 -0.01285242 0.00785563
v 0.03685905 -0.01293280 0.00998659
v 0.03661776 -0.01258316 0.01115674
v 0.03681451 -0.01187583 0.01186527
v 0.03706694 -0.01130515 0.01218196
v 0.04009608 -0.00734655 0.01122115
v 0.03968775 -0.00772835 0.01159152
v 0.03778339 -0.00985032 0.01274019
v 0.03689989 -0.01101177 0.01292806
v 0.03653609 -0.01130515 0.01321791
v 0.03669201 -0.01068624 0.01359365
v 0.03598298 -0.01117253 0.01410358
v 0.03575282 -0.01078672 0.01466718
v 0.03469485 -0.00971367 0.01659954
v 0.02899664 -0.01591079 0.01579976
v 0.02796836 -0.01291672 0.01876807
v 0.02708115 -0.01098364 0.02081315
v 0.03388188 -0.00793733 0.01878417
v 0.03378907 -0.00685223 0.01967521
v 0.03346983 -0.00627351 0.02034079
v 0.03297239 -0.00627351 0.02078094
v 0.03224852 -0.00627351 0.02117278
v 0.03224852 -0.00703710 0.02079168
v 0.02751919 -0.00954488 0.02151095
v 0.02730017 -0.01027632 0.02116205
v 0.02826534 -0.01550488 0.01645461
v 0.02826534 -0.01608360 0.01595542
v 0.02826534 -0.01762685 0.01455446
v 0.02528445 -0.01707626 0.01595542
v 0.02388867 -0.01675877 0.01666395
v 0.02463111 -0.01767508 0.01559042
v 0.02396662 -0.01775948 0.01568167
v 0.02229614 -0.01968854 0.01261137
v 0.02329100 -0.01735357 0.01624527
v 0.02130127 -0.01688738 0.01678741
v 0.02229614 -0.01693159 0.01681424
v 0.01732180 -0.01689943 0.01590174
v 0.01566246 -0.01675475 0.01568167
v 0.01632323 -0.01722898 0.01513954
v 0.02030640 -0.01681504 0.01672299
v 0.01957882 -0.01675877 0.01666932
v 0.01433349 -0.01581032 0.01672299
v 0.01369128 -0.01575405 0.01665858
v 0.01302680 -0.01569377 0.01658344
v 0.01433349 -0.01663821 0.01550454
v 0.01337575 -0.01742189 0.01406064
v 0.01234376 -0.01646138 0.01523615
v 0.01134889 -0.01586658 0.01585343
v 0.01072896 -0.01578620 0.01572998
v 0.01006447 -0.01562947 0.01538108
v 0.01038001 -0.01589471 0.01508586
v 0.00978977 -0.01576209 0.01472086
v 0.00835687 -0.01650960 0.01111379
v 0.00835687 -0.01765097 0.00820989
v 0.00835687 -0.01965639 0.00120510
v 0.00866498 -0.01979705 0.00120510
v 0.00876892 -0.01974882 0.00043216
v 0.01035403 -0.02035567 0.00020672
v 0.01472698 -0.02174621 -0.00260057
v 0.01234376 -0.02102281 -0.00078093
v 0.01104820 -0.02062896 0.00020672
v 0.01154564 -0.02081382 0.00020672
v 0.01460819 -0.02178238 -0.00177932
v 0.01931154 -0.01763891 -0.01606265
v 0.01931154 -0.01714057 -0.01664773
v 0.02030640 -0.01720085 -0.01669604
v 0.01411076 -0.02159751 -0.00177932
v 0.01724385 -0.02154526 -0.00672830
v 0.01134889 -0.01660204 -0.01490324
v 0.01373954 -0.01874410 -0.01129617
v 0.01290059 -0.01770723 -0.01320169
v 0.01532836 -0.01986135 -0.00956779
v 0.01523184 -0.02191098 -0.00286895
v 0.01491631 -0.02166985 -0.00377072
v 0.00835687 -0.01876018 -0.00548837
v 0.01433349 -0.02143675 -0.00377072
v 0.00835687 -0.01891289 -0.00469395
v 0.00835687 -0.01890486 -0.00474763
v 0.00835687 -0.01869587 -0.00575675
v 0.00835687 -0.01864765 -0.00592315
v 0.00883574 -0.01872401 -0.00628278
v 0.00835687 -0.01665026 -0.01181684
v 0.00927378 -0.01664624 -0.01282595
v 0.01008675 -0.01663821 -0.01372235
v 0.01043941 -0.01644932 -0.01462949
v 0.01831667 -0.02160956 -0.00704499
v 0.01831667 -0.01778359 -0.01535412
v 0.01210247 -0.01667438 -0.01510721
v 0.01276695 -0.01673868 -0.01524677
v 0.01333863 -0.01679494 -0.01536486
v 0.01831667 -0.02088214 -0.00862845
v 0.03474311 -0.01573396 -0.00825808
v 0.03463916 -0.01662615 -0.00710403
v 0.02229614 -0.01647745 -0.01698052
v 0.02030640 -0.01671055 -0.01718986
v 0.02130127 -0.01662615 -0.01711471
v 0.02627932 -0.01538432 -0.01688927
v 0.02730388 -0.01523964 -0.01672287
v 0.02760457 -0.01468503 -0.01716302
v 0.02826534 -0.01456446 -0.01706640
v 0.02904118 -0.01389733 -0.01732942
v 0.02874792 -0.00776050 -0.02217641
v 0.02957574 -0.00863260 -0.02109214
v 0.02972794 -0.00973377 -0.02017428
v 0.02984673 -0.01083494 -0.01926177
v 0.03125365 -0.01248670 -0.01701273
v 0.02986158 -0.00686831 -0.02225693
v 0.03051121 -0.01052549 -0.01902560
v 0.03241928 -0.01144179 -0.01697515
v 0.03546699 -0.00851605 -0.01701809
v 0.03285732 -0.01185574 -0.01630956
v 0.03554494 -0.00958105 -0.01596067
v 0.03387075 -0.01087513 -0.01632567
v 0.03488046 -0.00989452 -0.01634177
v 0.03589389 -0.00891392 -0.01635250
v 0.03687762 -0.00793733 -0.01636861
v 0.03679224 -0.00883354 -0.01531655
v 0.03571941 -0.01273185 -0.01121566
v 0.04047844 -0.01044511 -0.00377072
v 0.03980654 -0.01187583 -0.00078093
v 0.04040791 -0.01035670 -0.00476373
v 0.04073458 -0.00979405 -0.00545079
v 0.03985479 -0.01196023 0.00020672
v 0.03920887 -0.01124085 -0.00673903
v 0.04054897 -0.00956096 -0.00675513
v 0.04093875 -0.00906262 -0.00675513
v 0.04177771 -0.00792125 -0.00643844
v 0.04157725 -0.00852409 -0.00575675
v 0.04102042 -0.00933992 -0.00577285
v 0.03772400 -0.00776854 -0.01521456
v 0.03762748 -0.00864063 -0.01402831
v 0.03686277 -0.00992668 -0.01349154
v 0.03755324 -0.00954890 -0.01272934
v 0.03795415 -0.00905056 -0.01272934
v 0.03869288 -0.00972573 -0.01018507
v 0.04085708 -0.01001509 -0.00277233
v 0.04159952 -0.00853614 -0.00476373
v 0.04060837 -0.01052951 -0.00078093
v 0.04059723 -0.01050138 0.00020672
v 0.04112436 -0.00925954 0.00120510
v 0.04152528 -0.00835529 0.00120510
v 0.04269462 -0.00576713 0.00058782
v 0.04384540 -0.00314280 0.00020672
v 0.04420548 -0.00229482 0.00020672
v 0.04325887 -0.00428819 0.00120510
v 0.04230855 -0.00627351 0.00219812
v 0.04069746 -0.00972975 0.00360444
v 0.04074201 -0.00984228 0.00294422
v 0.04040048 -0.01025622 0.00418952
v 0.04162179 -0.00557021 0.00916533
v 0.04298417 -0.00428819 0.00319650
v 0.04175172 -0.00489906 0.01016372
v 0.04154384 -0.00539740 0.01016372
v 0.04171089 -0.00480260 0.01068438
v 0.04105012 -0.00636997 0.01026034
v 0.04082368 -0.00697280 0.00999195
v 0.03942046 -0.01022407 0.00818305
v 0.03881909 -0.01189995 0.00692165
v 0.04092019 -0.00611678 0.01115674
v 0.04060465 -0.00661512 0.01115674
v 0.03863348 -0.01062596 0.00945519
v 0.04079027 -0.00589976 0.01176328
v 0.03865204 -0.00864465 0.01251475
v 0.03687390 -0.01002313 0.01382446
v 0.03644329 -0.01031651 0.01415189
v 0.03883394 -0.00798154 0.01279387
v 0.03590131 -0.01025622 0.01484968
v 0.02727418 -0.01309757 0.01893984
v 0.02685842 -0.00982620 0.02163440
v 0.02627932 -0.01042100 0.02143580
v 0.02627932 -0.01116851 0.02093661
v 0.02627932 -0.01166283 0.02053940
v 0.03458348 -0.00727020 0.01844065
v 0.03472455 -0.00675176 0.01861241
v 0.03677738 -0.00587162 0.01669079
v 0.03393385 -0.00627351 0.01984697
v 0.03365543 -0.00555011 0.02052330
v 0.03329164 -0.00524066 0.02087756
v 0.03224109 -0.00536525 0.02145190
v 0.03173252 -0.00575508 0.02160219
v 0.03134274 -0.00633380 0.02150558
v 0.02857345 -0.00860045 0.02154315
v 0.02928248 -0.00826688 0.02141433
v 0.02727418 -0.01359591 0.01850506
v 0.02658000 -0.01267961 0.01955712
v 0.02678046 -0.01473728 0.01763013
v 0.02726305 -0.01622426 0.01613255
v 0.02591552 -0.01278812 0.01965910
v 0.02378844 -0.01572994 0.01762476
v 0.02329100 -0.01685523 0.01674447
v 0.02130127 -0.01630062 0.01728660
v 0.02056255 -0.01577013 0.01765697
v 0.02026186 -0.01615192 0.01729197
v 0.02229614 -0.01630866 0.01731344
v 0.02339123 -0.01615996 0.01731881
v 0.02312396 -0.01578218 0.01766770
v 0.01927442 -0.01631670 0.01701285
v 0.01134889 -0.01452829 0.01745300
v 0.01134889 -0.01504271 0.01695380
v 0.01035403 -0.01494224 0.01686255
v 0.01234376 -0.01562947 0.01649219
v 0.01234376 -0.01596303 0.01599300
v 0.01134889 -0.01554105 0.01634726
v 0.00969326 -0.01482971 0.01674447
v 0.00912529 -0.01559732 0.01432365
v 0.00884688 -0.01573396 0.01366343
v 0.00935916 -0.01495831 0.01609498
v 0.00835687 -0.01600322 0.01238056
v 0.00835687 -0.01953582 0.00009936
v 0.00835687 -0.01942329 -0.00078630
v 0.00836058 -0.01916608 -0.00277233
v 0.00939628 -0.01957199 -0.00285285
v 0.01333863 -0.02129609 -0.00177932
v 0.01433349 -0.01689542 -0.01556346
v 0.01494600 -0.01669849 -0.01617000
v 0.01560677 -0.01676279 -0.01625589
v 0.01931154 -0.01666232 -0.01714692
v 0.01532836 -0.01963227 -0.01006698
v 0.01672785 -0.02072541 -0.00829028
v 0.01042827 -0.01592686 -0.01572449
v 0.01134889 -0.01617604 -0.01571375
v 0.00835687 -0.01663419 -0.01185978
v 0.00935916 -0.01635287 -0.01372235
v 0.00967098 -0.01583041 -0.01540243
v 0.01777098 -0.01773134 -0.01523603
v 0.01433349 -0.01663017 -0.01605728
v 0.01433349 -0.01785191 -0.01350765
v 0.02130127 -0.01612781 -0.01757633
v 0.01931154 -0.01616398 -0.01762464
v 0.01931154 -0.01209687 -0.02152156
v 0.01931154 -0.01157442 -0.02202075
v 0.01931154 -0.01108009 -0.02248774
v 0.02030640 -0.01362405 -0.02008840
v 0.02030640 -0.01312570 -0.02055538
v 0.02030640 -0.01156638 -0.02201538
v 0.02030640 -0.01107206 -0.02247700
v 0.02229614 -0.01439969 -0.01889141
v 0.02428958 -0.01360395 -0.01907391
v 0.02627932 -0.01434343 -0.01784471
v 0.02627932 -0.01384509 -0.01830096
v 0.02683243 -0.01376069 -0.01822045
v 0.02826534 -0.01406612 -0.01747434
v 0.02826534 -0.01344320 -0.01797354
v 0.02886671 -0.01280018 -0.01824729
v 0.02826534 -0.00951273 -0.02100090
v 0.02830989 -0.00728627 -0.02269707
v 0.02853261 -0.00664727 -0.02309965
v 0.02926020 -0.00708533 -0.02242332
v 0.02926020 -0.00758367 -0.02204759
v 0.02867368 -0.01170704 -0.01916516
v 0.02823193 -0.01123683 -0.01968582
v 0.02930475 -0.00629763 -0.02294399
v 0.02966483 -0.00557423 -0.02312649
v 0.03021795 -0.00619314 -0.02240185
v 0.03052606 -0.00647446 -0.02202075
v 0.03277565 -0.00680802 -0.02021722
v 0.03581964 -0.00784891 -0.01727038
v 0.03402665 -0.00803780 -0.01840832
v 0.03125365 -0.00852409 -0.02001325
v 0.03618715 -0.00822669 -0.01669604
v 0.03703353 -0.00727020 -0.01656184
v 0.03753096 -0.00727020 -0.01585331
v 0.03716717 -0.00818248 -0.01560103
v 0.03652496 -0.00727020 -0.01706104
v 0.03669943 -0.00671559 -0.01718449
v 0.04078284 -0.00985835 -0.00476373
v 0.04083852 -0.00994677 -0.00377072
v 0.04078655 -0.00885765 -0.00740999
v 0.03978797 -0.00885765 -0.00939602
v 0.04145103 -0.00825482 -0.00676587
v 0.04236052 -0.00627351 -0.00575675
v 0.04209695 -0.00727020 -0.00575675
v 0.04182225 -0.00802574 -0.00575675
v 0.04081996 -0.00796546 -0.00847815
v 0.04164036 -0.00751133 -0.00710403
v 0.04184081 -0.00721393 -0.00676587
v 0.03779082 -0.00727020 -0.01535412
v 0.03870402 -0.00772433 -0.01320169
v 0.04098330 -0.00828295 -0.00774278
v 0.04061950 -0.00862858 -0.00807021
v 0.04182596 -0.00803780 -0.00476373
v 0.04159210 -0.00850801 -0.00377072
v 0.04339622 -0.00428819 -0.00078093
v 0.04387880 -0.00320309 -0.00078093
v 0.04335538 -0.00428819 0.00020672
v 0.04427972 -0.00229482 -0.00078093
v 0.04474003 -0.00094850 -0.00007240
v 0.04407555 -0.00229482 0.00120510
v 0.04459526 -0.00147497 -0.00078093
v 0.04274659 -0.00390237 0.00601452
v 0.04269833 -0.00378984 0.00667474
v 0.04368577 -0.00276503 0.00262216
v 0.04228257 -0.00329150 0.00916533
v 0.04241991 -0.00229482 0.00916533
v 0.04257583 -0.00126197 0.00910629
v 0.04204127 -0.00329150 0.01016372
v 0.04174801 -0.00428819 0.01078100
v 0.04156611 -0.00428819 0.01128019
v 0.04141391 -0.00518842 0.01107085
v 0.04466208 -0.00061091 0.00059319
v 0.04312152 -0.00229482 0.00618092
v 0.04094246 -0.00527683 0.01196188
v 0.04055269 -0.00527683 0.01246108
v 0.03986222 -0.00604846 0.01283144
v 0.03968032 -0.00671157 0.01260600
v 0.03827711 -0.00836735 0.01321791
v 0.03856295 -0.00748320 0.01345946
v 0.03704466 -0.00921935 0.01415189
v 0.03499554 -0.00727020 0.01794145
v 0.02627932 -0.00992266 0.02168808
v 0.02722221 -0.00923141 0.02175249
v 0.02582272 -0.00083597 0.02560110
v 0.02528445 -0.01001107 0.02174712
v 0.02528445 -0.01050941 0.02146264
v 0.02528445 -0.01123683 0.02096344
v 0.02528445 -0.01173517 0.02060381
v 0.02428958 -0.01407014 0.01888616
v 0.02528445 -0.01286850 0.01971278
v 0.02626076 -0.01230585 0.01998116
v 0.03757922 -0.00627351 0.01546160
v 0.03771657 -0.00576311 0.01562799
v 0.03746043 -0.00536926 0.01612719
v 0.03460947 -0.00544964 0.01947124
v 0.03377794 -0.00488700 0.02064138
v 0.03473939 -0.00479055 0.01962153
v 0.03483591 -0.00428819 0.01973425
v 0.03659549 -0.00030547 0.01947124
v 0.03669943 0.00028128 0.01959469
v 0.03324338 -0.00428819 0.02106543
v 0.03253807 -0.00428819 0.02148411
v 0.03203692 -0.00428819 0.02177933
v 0.03190329 -0.00509196 0.02169881
v 0.03075622 -0.00379386 0.02260595
v 0.02772707 -0.00173620 0.02458124
v 0.02706630 -0.00204565 0.02469397
v 0.02858087 -0.00363311 0.02353992
v 0.03001749 -0.00698887 0.02169881
v 0.02962771 -0.00765199 0.02156462
v 0.02130127 -0.01580228 0.01768381
v 0.01732180 -0.01284037 0.01970205
v 0.01831667 -0.01509094 0.01793072
v 0.01766704 -0.01176732 0.02063065
v 0.01433349 -0.00884560 0.02267573
v 0.02329100 -0.01462073 0.01853726
v 0.02229614 -0.01581032 0.01768381
v 0.01035403 -0.01439969 0.01735638
v 0.01732180 -0.01442380 0.01836013
v 0.01332749 -0.00835127 0.02296021
v 0.01134889 -0.01294486 0.01879491
v 0.00977864 -0.01378882 0.01766234
v 0.00940370 -0.01420277 0.01712557
v 0.00835687 -0.01390939 0.01679814
v 0.00902877 -0.01462073 0.01640094
v 0.00835687 -0.01568171 0.01314814
v 0.00878748 -0.01478148 0.01573535
v 0.00856846 -0.01491813 0.01513954
v 0.01080691 -0.01574200 -0.01622368
v 0.01134889 -0.01580228 -0.01628272
v 0.01530980 -0.01623230 -0.01671214
v 0.01433349 -0.01561741 -0.01709861
v 0.01831667 -0.01503869 -0.01849420
v 0.01014243 -0.01561741 -0.01606265
v 0.00835687 -0.01631268 -0.01268640
v 0.00934431 -0.01596303 -0.01471000
v 0.00900650 -0.01564554 -0.01503743
v 0.00835687 -0.01491813 -0.01563861
v 0.00934431 -0.01543254 -0.01572449
v 0.00873551 -0.01580228 -0.01437184
v 0.02130127 -0.01247063 -0.02093648
v 0.02229614 -0.01182359 -0.02125854
v 0.01653482 -0.01280821 -0.02025479
v 0.01587034 -0.01273185 -0.02018501
v 0.01831667 -0.01095551 -0.02236965
v 0.01931154 -0.01051745 -0.02298693
v 0.02030640 -0.01050138 -0.02297619
v 0.02130127 -0.01091934 -0.02233207
v 0.02279357 -0.01174723 -0.02118876
v 0.02130127 -0.01197229 -0.02139273
v 0.02596007 -0.01282027 -0.01926177
v 0.02748949 -0.01361601 -0.01810773
v 0.02727418 -0.01138151 -0.01991126
v 0.02574105 -0.01173115 -0.02017964
v 0.02727418 -0.00809809 -0.02243943
v 0.02625704 -0.00825482 -0.02267561
v 0.02581529 -0.00778059 -0.02319090
v 0.02786813 -0.00681606 -0.02320700
v 0.02822450 -0.00629763 -0.02336803
v 0.02900035 -0.00598415 -0.02328752
v 0.02981332 -0.00491111 -0.02320700
v 0.03484334 -0.00003219 -0.02125854
v 0.03177335 -0.00383807 -0.02220325
v 0.03091213 -0.00527683 -0.02230524
v 0.03077478 -0.00580732 -0.02219788
v 0.02930475 -0.00525674 -0.02337340
v 0.03292042 -0.00627351 -0.02032994
v 0.03405264 -0.00627351 -0.01944427
v 0.03766089 -0.00627351 -0.01608949
v 0.03683678 -0.00605247 -0.01731868
v 0.03714118 -0.00633781 -0.01679265
v 0.03792074 -0.00627351 -0.01559566
v 0.03578252 -0.00587564 -0.01824192
v 0.03626139 -0.00424800 -0.01851030
v 0.03577510 -0.00088821 -0.02022795
v 0.03669201 -0.00172414 -0.01916516
v 0.03676625 -0.00389434 -0.01824192
v 0.04266863 -0.00562245 -0.00511800
v 0.04205241 -0.00627351 -0.00675513
v 0.04226771 -0.00527683 -0.00675513
v 0.04251643 -0.00420781 -0.00666925
v 0.04256840 -0.00528487 -0.00573528
v 0.04273545 -0.00495532 -0.00538638
v 0.04372289 -0.00292980 -0.00336814
v 0.04471033 -0.00088821 -0.00134990
v 0.04273916 -0.00586761 -0.00445241
v 0.04216748 -0.00727020 -0.00476373
v 0.04145103 -0.00721393 -0.00767300
v 0.04172202 -0.00684821 -0.00729190
v 0.04264636 -0.00154329 -0.00807021
v 0.03857780 -0.00537730 -0.01472074
v 0.03835507 -0.00627351 -0.01471537
v 0.03865576 -0.00627351 -0.01408735
v 0.03976941 -0.00698887 -0.01134985
v 0.04275401 -0.00589976 -0.00377072
v 0.04342221 -0.00428819 -0.00177932
v 0.04367092 -0.00372956 -0.00177932
v 0.04388252 -0.00323122 -0.00177932
v 0.04476231 -0.00028940 0.00023892
v 0.04471033 0.00005221 0.00078642
v 0.04388252 -0.00237922 0.00225179
v 0.04474374 -0.00097663 -0.00078093
v 0.04628059 0.01564948 -0.00075409
v 0.04627688 0.01564948 -0.00071115
v 0.04422775 -0.00229482 -0.00177932
v 0.04266863 -0.00157142 0.00853732
v 0.04306584 0.00069121 0.00817232
v 0.04421662 0.00566658 0.00618092
v 0.04363751 0.00367724 0.00744232
v 0.04180741 -0.00329150 0.01089909
v 0.04159210 -0.00329150 0.01139828
v 0.04123573 -0.00329150 0.01214975
v 0.04084966 -0.00329150 0.01290122
v 0.04104640 -0.00434445 0.01223563
v 0.04325887 -0.00130216 0.00618092
v 0.04079398 -0.00405509 0.01277240
v 0.04068261 -0.00471821 0.01261674
v 0.03889334 -0.00627351 0.01386203
v 0.03874484 -0.00682008 0.01367953
v 0.02528445 -0.00925954 0.02209602
v 0.02554059 -0.00571891 0.02357749
v 0.02722964 -0.00426407 0.02374926
v 0.02602689 -0.00030547 0.02570845
v 0.02528445 -0.00030547 0.02588558
v 0.02528445 -0.00091634 0.02563867
v 0.02528445 -0.00141469 0.02542933
v 0.02528445 -0.00229482 0.02505896
v 0.02428958 -0.01004724 0.02179006
v 0.02196204 -0.00879335 0.02262205
v 0.02130127 -0.00884158 0.02265426
v 0.02030640 -0.00888579 0.02268646
v 0.02329100 -0.01006332 0.02181690
v 0.02428958 -0.01054558 0.02146264
v 0.02428958 -0.01124487 0.02096881
v 0.01931154 -0.00889784 0.02270256
v 0.02229614 -0.01523160 0.01810785
v 0.03598298 -0.00527683 0.01792535
v 0.03499925 -0.00518440 0.01913307
v 0.03538531 -0.00431230 0.01907940
v 0.03385961 -0.00428819 0.02068969
v 0.03679224 0.00094440 0.01966447
v 0.03777968 0.00104085 0.01869293
v 0.03566002 -0.00260427 0.01953028
v 0.03789847 0.00168387 0.01882175
v 0.03738619 0.00168387 0.01932094
v 0.03749384 0.00268055 0.01945513
v 0.03324338 -0.00329150 0.02120499
v 0.03398582 -0.00329150 0.02075947
v 0.03532963 -0.00030547 0.02037837
v 0.03131304 -0.00329150 0.02234830
v 0.02799064 -0.00030547 0.02472617
v 0.02672849 0.00044606 0.02556353
v 0.02787927 -0.00107308 0.02466176
v 0.02652432 -0.00030547 0.02549911
v 0.01831667 -0.01177536 0.02063602
v 0.01433349 -0.00772835 0.02357213
v 0.01333863 -0.00767610 0.02352918
v 0.01064358 -0.01284840 0.01871440
v 0.01298597 -0.00873709 0.02258448
v 0.01197996 -0.00972975 0.02158609
v 0.00941113 -0.01324225 0.01788778
v 0.00911415 -0.01357180 0.01750667
v 0.01083290 -0.01175929 0.01962690
v 0.00835687 -0.01326235 0.01735101
v 0.00835687 -0.01433539 0.01609498
v 0.00835687 -0.01435950 0.01604667
v 0.00835687 -0.01524767 0.01411431
v 0.00835687 -0.01478550 0.01513954
v 0.01042827 -0.01526375 -0.01651353
v 0.01035403 -0.01458456 -0.01707714
v 0.01096282 -0.01469307 -0.01717376
v 0.01162731 -0.01480560 -0.01727038
v 0.01333863 -0.01501056 -0.01746898
v 0.01433349 -0.01511907 -0.01757633
v 0.00880604 -0.01476541 -0.01623978
v 0.00935916 -0.01492214 -0.01637934
v 0.00835687 -0.01591079 -0.01365257
v 0.00835687 -0.01569377 -0.01414103
v 0.00835687 -0.01542450 -0.01471000
v 0.00835687 -0.01488999 -0.01568155
v 0.00835687 -0.01463680 -0.01606265
v 0.01669073 -0.01179144 -0.02122634
v 0.01754825 -0.01084298 -0.02226229
v 0.01831667 -0.01037277 -0.02286347
v 0.01774499 -0.00978200 -0.02319627
v 0.01831667 -0.00987443 -0.02325531
v 0.01931154 -0.01001911 -0.02334656
v 0.02134582 -0.01022005 -0.02287957
v 0.02030640 -0.01000303 -0.02333583
v 0.02104142 -0.00986639 -0.02324994
v 0.02192121 -0.01080681 -0.02222472
v 0.02345805 -0.01160255 -0.02107604
v 0.02258569 -0.01065811 -0.02211200
v 0.02627932 -0.00996687 -0.02134979
v 0.02486126 -0.01078672 -0.02121560
v 0.02337267 -0.00924347 -0.02292252
v 0.02375874 -0.00874512 -0.02316943
v 0.02309797 -0.00889784 -0.02326605
v 0.02727418 -0.00694065 -0.02328215
v 0.02727418 -0.00627351 -0.02358274
v 0.02725933 -0.00522860 -0.02399605
v 0.02826534 -0.00527683 -0.02374377
v 0.03272368 -0.00173218 -0.02217104
v 0.02926020 -0.00428819 -0.02358811
v 0.02966855 -0.00061091 -0.02413561
v 0.02980961 0.00005221 -0.02420002
v 0.02992469 -0.00428819 -0.02327678
v 0.03563403 0.00147489 -0.02112972
v 0.03548926 0.00069121 -0.02101700
v 0.03625397 0.00074747 -0.02046950
v 0.03468743 -0.00069531 -0.02115119
v 0.03453894 -0.00130216 -0.02103310
v 0.03385961 -0.00202957 -0.02128001
v 0.03286103 -0.00401490 -0.02128001
v 0.03204435 -0.00527683 -0.02141957
v 0.02819852 -0.00424398 -0.02400142
v 0.03750498 -0.00535721 -0.01666920
v 0.03757551 -0.00428819 -0.01695368
v 0.03771657 -0.00574302 -0.01619684
v 0.03870773 -0.00373760 -0.01519846
v 0.03865204 -0.00428819 -0.01508037
v 0.03686277 -0.00329150 -0.01836001
v 0.03695557 -0.00527683 -0.01746898
v 0.03675140 0.00111721 -0.02021722
v 0.03963949 -0.00229482 -0.01407125
v 0.04161437 0.00168387 -0.01204764
v 0.03591987 -0.00030547 -0.02034067
v 0.04278742 -0.00420781 -0.00573528
v 0.04261666 -0.00329150 -0.00696447
v 0.04422033 -0.00130216 -0.00277233
v 0.04623976 0.01564948 -0.00174174
v 0.04367464 0.00228670 -0.00717918
v 0.04371176 0.00409118 -0.00830639
v 0.04576831 0.01564948 -0.00575675
v 0.04583884 0.01564948 -0.00517704
v 0.04165149 -0.00556217 -0.00813462
v 0.04024086 -0.00627351 -0.01073794
v 0.04059352 -0.00627351 -0.00999183
v 0.04274287 0.00101674 -0.00933698
v 0.04271318 -0.00088017 -0.00829028
v 0.04330342 0.00268055 -0.00874653
v 0.04280227 -0.00124991 -0.00774278
v 0.03956153 -0.00337188 -0.01371699
v 0.03871886 -0.00577517 -0.01422155
v 0.04260181 0.00367724 -0.01103316
v 0.04469177 0.00317488 0.00269731
v 0.04358554 0.00268859 0.00713099
v 0.04339622 -0.00030547 0.00618092
v 0.04595763 0.01564948 0.00018525
v 0.04430199 0.00865261 0.00618092
v 0.04436510 0.00765995 0.00618092
v 0.04432427 0.00666326 0.00618092
v 0.04443192 0.00566658 0.00518253
v 0.04367464 0.00467392 0.00760871
v 0.04184453 -0.00229482 0.01095813
v 0.04087193 -0.00229482 0.01299247
v 0.04062693 -0.00229482 0.01349167
v 0.03968775 -0.00030547 0.01559579
v 0.03872257 0.00117347 0.01763550
v 0.03939077 -0.00229482 0.01525762
v 0.03893046 -0.00428819 0.01489262
v 0.02528445 -0.00727020 0.02294411
v 0.02428958 -0.00802976 0.02271867
v 0.02229614 -0.00727020 0.02323933
v 0.01831667 -0.00705719 0.02372242
v 0.02528445 -0.00358890 0.02451146
v 0.02634985 0.00074345 0.02578897
v 0.02528445 0.00069121 0.02614860
v 0.02428958 0.00069121 0.02622912
v 0.02428958 -0.00030547 0.02596073
v 0.02329100 -0.00115346 0.02572992
v 0.02428958 -0.00104093 0.02569235
v 0.01831667 -0.00755554 0.02350771
v 0.01732180 -0.00766003 0.02355065
v 0.01632323 -0.00771629 0.02357213
v 0.01831667 -0.00890588 0.02270793
v 0.01532836 -0.00773237 0.02357749
v 0.01732180 -0.00940824 0.02235367
v 0.03755695 -0.00229482 0.01743153
v 0.03682936 -0.00130216 0.01874660
v 0.03688876 0.00168387 0.01971815
v 0.03801726 0.00268055 0.01896131
v 0.03751611 0.00367724 0.01946587
v 0.03701868 0.00367724 0.01980403
v 0.03699641 0.00268055 0.01977719
v 0.03317656 -0.00233501 0.02137675
v 0.03233390 -0.00233501 0.02187595
v 0.03622798 0.00168387 0.02011535
v 0.03556350 0.00168387 0.02051256
v 0.03483220 -0.00030547 0.02067359
v 0.02976506 -0.00082793 0.02360433
v 0.03116456 -0.00030547 0.02284749
v 0.03133903 0.00064700 0.02287433
v 0.02859944 0.00069121 0.02450073
v 0.02718138 0.00074345 0.02533272
v 0.02679160 0.00110917 0.02559573
v 0.02810200 0.00069121 0.02479058
v 0.01632323 -0.00941226 0.02235367
v 0.01433349 -0.00723001 0.02391029
v 0.01333863 -0.00717776 0.02391029
v 0.01234376 -0.00748722 0.02339499
v 0.01234376 -0.00698887 0.02377073
v 0.00835687 -0.01132123 0.01878417
v 0.00835687 -0.01220940 0.01814006
v 0.00835687 -0.01225361 0.01810785
v 0.01157162 -0.00794537 0.02273477
v 0.00860558 -0.01290869 0.01774822
v 0.00835687 -0.01318599 0.01741005
v 0.00835687 -0.01324225 0.01736711
v 0.00954848 -0.01391341 -0.01735089
v 0.00964129 -0.01285242 -0.01829560
v 0.01035403 -0.01409024 -0.01749582
v 0.01035403 -0.01349142 -0.01799501
v 0.00935916 -0.00843567 -0.02191340
v 0.01115957 -0.01363209 -0.01811310
v 0.01333863 -0.01291270 -0.01933692
v 0.01634550 -0.01130917 -0.02153229
v 0.00835687 -0.01421482 -0.01649743
v 0.00836058 -0.01357582 -0.01706104
v 0.00888771 -0.01372452 -0.01719523
v 0.00927378 -0.01424295 -0.01693221
v 0.01632323 -0.01013566 -0.02249847
v 0.01459706 -0.00983826 -0.02225156
v 0.00935916 -0.00793733 -0.02231060
v 0.00935916 -0.00727020 -0.02264340
v 0.01499426 -0.00868082 -0.02314796
v 0.01931154 -0.00925954 -0.02367936
v 0.02030640 -0.00925954 -0.02367936
v 0.02170590 -0.00970564 -0.02314796
v 0.02134582 -0.00932786 -0.02343781
v 0.02229614 -0.00907467 -0.02335730
v 0.02528445 -0.00727020 -0.02355590
v 0.02229614 -0.00826286 -0.02373303
v 0.02428958 -0.00727020 -0.02375450
v 0.02627932 -0.00627351 -0.02377597
v 0.02691410 -0.00486690 -0.02420538
v 0.02502088 -0.00299813 -0.02524671
v 0.02757487 -0.00454941 -0.02413024
v 0.03224852 -0.00030547 -0.02272928
v 0.03420113 0.00160751 -0.02198318
v 0.02867368 -0.00262839 -0.02414634
v 0.02979847 0.00505973 -0.02518767
v 0.03081561 0.00300608 -0.02421075
v 0.03018083 0.00470607 -0.02490318
v 0.03212230 0.00268055 -0.02339487
v 0.03574540 0.00213800 -0.02119413
v 0.03613889 0.00176023 -0.02082376
v 0.03233019 0.00362499 -0.02345928
v 0.03519600 -0.00034164 -0.02088818
v 0.02568537 -0.00262035 -0.02513936
v 0.02782359 -0.00388630 -0.02419465
v 0.03743073 -0.00023715 -0.01861229
v 0.03750126 0.00069121 -0.01881626
v 0.03793559 -0.00023715 -0.01774810
v 0.04048587 0.00064298 -0.01367404
v 0.03829567 -0.00428819 -0.01571375
v 0.04147331 0.00264840 -0.01267566
v 0.04267234 0.00430016 -0.01118345
v 0.03679966 0.00168387 -0.02027626
v 0.03717459 0.00168387 -0.01969655
v 0.03760149 0.00168387 -0.01898802
v 0.04363751 0.00048624 -0.00605197
v 0.04563096 0.01564948 -0.00632572
v 0.04352986 0.00372546 -0.00868212
v 0.04338880 0.00467392 -0.00973955
v 0.04351130 0.00566658 -0.00973955
v 0.04060837 -0.00428819 -0.01102242
v 0.04184453 -0.00030547 -0.01053397
v 0.04249045 0.00068719 -0.00969661
v 0.04250901 0.00265242 -0.01070573
v 0.04275401 0.00296589 -0.01035146
v 0.04284310 0.00367724 -0.01053397
v 0.04282083 0.00168387 -0.00951411
v 0.04317349 0.00367724 -0.00973955
v 0.04030397 -0.00229482 -0.01272934
v 0.04176657 0.00094440 -0.01136595
v 0.04293962 0.00464981 -0.01080772
v 0.04207839 0.01564948 0.00913313
v 0.04256469 0.01462467 0.00833872
v 0.04416836 0.00964929 0.00618092
v 0.04383054 0.00964929 0.00695386
v 0.04389365 0.00865261 0.00705048
v 0.04389737 0.00761172 0.00724371
v 0.04262780 0.01363200 0.00849975
v 0.04395676 0.00666326 0.00717393
v 0.04368948 0.00534909 0.00765702
v 0.04342221 0.00467392 0.00817232
v 0.04233082 0.00069121 0.01016372
v 0.04090906 -0.00030547 0.01306762
v 0.04065291 -0.00130216 0.01352924
v 0.03970630 0.00035362 0.01562263
v 0.03877455 0.00268055 0.01774285
v 0.03874484 0.00168387 0.01768381
v 0.03851469 0.00268055 0.01824204
v 0.02428958 -0.00428819 0.02431286
v 0.02130127 -0.00454941 0.02449536
v 0.01930040 -0.00520047 0.02441485
v 0.01831667 -0.00538936 0.02443095
v 0.01525783 -0.00618108 0.02439338
v 0.02627932 0.00168387 0.02585338
v 0.02681016 0.00168387 0.02561184
v 0.02528445 0.00168387 0.02617544
v 0.02428958 0.00168387 0.02630963
v 0.02329100 0.00168387 0.02637404
v 0.02229614 0.00168387 0.02641162
v 0.01931154 0.00285738 0.02664779
v 0.02130127 0.00168387 0.02642772
v 0.02329100 0.00069121 0.02623448
v 0.02229614 -0.00030547 0.02599830
v 0.02329100 -0.00030547 0.02599294
v 0.02130127 -0.00184873 0.02560647
v 0.02188037 -0.00181657 0.02559573
v 0.01487918 -0.00578723 0.02459735
v 0.01433349 -0.00631370 0.02440948
v 0.01732180 -0.00890990 0.02271330
v 0.03800983 0.00367724 0.01896667
v 0.03695929 0.00467392 0.01978256
v 0.03573055 0.00517226 0.02061455
v 0.03794673 0.00467392 0.01890226
v 0.03745672 0.00467392 0.01939609
v 0.03622798 0.00367724 0.02027638
v 0.03573055 0.00516020 0.02061455
v 0.03376680 0.00206968 0.02162367
v 0.03506607 0.00168387 0.02080778
v 0.03218170 0.00064700 0.02237514
v 0.03180677 0.00094842 0.02263815
v 0.02866997 0.00168387 0.02454367
v 0.02731131 0.00168387 0.02532735
v 0.01336461 -0.00620117 0.02443095
v 0.01234376 -0.00627351 0.02416793
v 0.01140829 -0.00626146 0.02381367
v 0.01064358 -0.00591985 0.02369558
v 0.01177951 -0.00681606 0.02363117
v 0.00835687 -0.00996285 0.01976646
v 0.01090714 -0.00772835 0.02257911
v 0.00854990 -0.00993471 -0.02034604
v 0.00863528 -0.00888579 -0.02129075
v 0.00976008 -0.01179144 -0.01923494
v 0.00935916 -0.00903448 -0.02141421
v 0.00874665 -0.00782480 -0.02222472
v 0.01234376 -0.00944843 -0.02192950
v 0.01202080 -0.01268363 -0.01914905
v 0.00835687 -0.01143777 -0.01893435
v 0.00835687 -0.01016379 -0.02005082
v 0.00835687 -0.00627351 -0.02281516
v 0.00892112 -0.00575106 -0.02316943
v 0.00835687 -0.00724608 -0.02239112
v 0.00893226 0.00224651 -0.02615385
v 0.00959674 0.00208576 -0.02620216
v 0.01964935 -0.00784490 -0.02420002
v 0.02030640 -0.00834324 -0.02402288
v 0.02130127 -0.00428819 -0.02546142
v 0.02085581 -0.00778863 -0.02418392
v 0.02123445 -0.00817846 -0.02396384
v 0.02526218 -0.00620921 -0.02399068
v 0.02627932 -0.00551796 -0.02407119
v 0.02528445 -0.00428819 -0.02473678
v 0.02279357 -0.00179648 -0.02616458
v 0.02306456 -0.00113336 -0.02625583
v 0.02928619 0.00470607 -0.02530039
v 0.02963514 0.00439662 -0.02512326
v 0.02627932 0.00168387 -0.02574054
v 0.02926020 0.00566658 -0.02546678
v 0.02989128 0.00566658 -0.02524671
v 0.03093069 0.00367724 -0.02427517
v 0.03142812 0.00367724 -0.02399068
v 0.03109774 0.00467392 -0.02437178
v 0.03574540 0.00229474 -0.02119413
v 0.03282391 0.00392239 -0.02322847
v 0.03038871 0.00566658 -0.02493539
v 0.03112744 0.00566658 -0.02443619
v 0.02229614 -0.00030547 -0.02666914
v 0.02335411 -0.00033763 -0.02633098
v 0.02391094 -0.00002415 -0.02620752
v 0.02476103 0.00122974 -0.02615921
v 0.03865947 0.00148293 -0.01710398
v 0.04100557 0.00360490 -0.01381360
v 0.04153270 0.00367724 -0.01293331
v 0.04182225 0.00367724 -0.01243411
v 0.04273916 0.00496328 -0.01130154
v 0.03679966 0.00268055 -0.02027626
v 0.03721914 0.00268055 -0.01969655
v 0.03764233 0.00268055 -0.01907391
v 0.03796158 0.00268055 -0.01857471
v 0.04076799 0.00388622 -0.01431280
v 0.04547876 0.01564948 -0.00675513
v 0.04311038 0.00566658 -0.01073794
v 0.04206354 0.01564948 0.00916533
v 0.04178142 0.01564948 0.00977188
v 0.04370433 0.00725002 0.00769460
v 0.04370805 0.00666326 0.00769460
v 0.04370062 0.00601221 0.00768386
v 0.04149187 0.00467392 0.01220880
v 0.04152156 0.00358078 0.01206924
v 0.04240135 0.00268055 0.01016372
v 0.04002184 0.00268055 0.01513954
v 0.03973229 0.00168387 0.01567093
v 0.03876341 0.00367724 0.01772138
v 0.03850726 0.00367724 0.01821520
v 0.03906781 0.00268055 0.01713094
v 0.04005525 0.00367724 0.01513954
v 0.03976570 0.00367724 0.01574071
v 0.02683986 0.00268055 0.02562257
v 0.02682872 0.00344012 0.02561720
v 0.02882216 0.00666326 0.02462955
v 0.02528445 0.00268055 0.02608419
v 0.02428958 0.00367724 0.02619154
v 0.02428958 0.00268055 0.02626132
v 0.02674705 0.00410726 0.02558500
v 0.02329100 0.00367724 0.02633110
v 0.02329100 0.00268055 0.02637404
v 0.02229614 0.00268055 0.02647066
v 0.02083354 0.00312665 0.02658875
v 0.02121960 0.00274887 0.02655118
v 0.02030640 0.00298197 0.02661559
v 0.01632323 0.00467392 0.02693228
v 0.01732180 0.00367724 0.02679809
v 0.01632323 0.00367724 0.02680882
v 0.01831667 0.00237110 0.02654581
v 0.01632323 0.00069121 0.02613787
v 0.01433349 -0.00428819 0.02498382
v 0.01532836 -0.00428819 0.02499455
v 0.02030640 -0.00186882 0.02561184
v 0.01433349 -0.00581536 0.02460808
v 0.01371356 -0.00581938 0.02460808
v 0.03687762 0.00566658 0.01972888
v 0.03561918 0.00666326 0.02053403
v 0.03568600 0.00583538 0.02057697
v 0.03073766 0.01100366 0.02358823
v 0.03077478 0.01034054 0.02361507
v 0.03788733 0.00566658 0.01882712
v 0.03776111 0.00765995 0.01867682
v 0.03691845 0.01263532 0.01880565
v 0.03646556 0.01064598 0.01942829
v 0.03679595 0.00666326 0.01966984
v 0.03571199 0.00449709 0.02060381
v 0.03324338 0.00268055 0.02195646
v 0.03379279 0.00268055 0.02163977
v 0.03077478 0.00964929 0.02360970
v 0.03257890 0.00765995 0.02250933
v 0.03202207 0.00566658 0.02276161
v 0.02931960 0.00666326 0.02434507
v 0.01304907 -0.00563049 0.02457051
v 0.01134889 -0.00527683 0.02421088
v 0.00835687 -0.00418771 0.02369021
v 0.00935916 -0.00496738 0.02370632
v 0.00884688 -0.00479457 0.02360433
v 0.00997909 -0.00568676 0.02353992
v 0.01032804 -0.00626146 0.02331448
v 0.00932946 -0.00729029 0.02212286
v 0.00867983 -0.00887775 0.02070043
v 0.00835687 -0.00923141 0.02029249
v 0.00835687 -0.00831109 0.02094734
v 0.00835687 -0.00880943 -0.02122634
v 0.00835687 -0.00826286 -0.02168796
v 0.00835687 -0.00770423 -0.02214421
v 0.00835687 -0.00731842 -0.02235354
v 0.00835687 -0.00554208 -0.02309428
v 0.00836058 -0.00554610 -0.02309428
v 0.00874294 -0.00287756 -0.02420538
v 0.00859074 -0.00000004 -0.02524134
v 0.00836058 0.00168387 -0.02581568
v 0.00835687 0.00262027 -0.02605186
v 0.00872437 0.00290963 -0.02620752
v 0.00929976 0.00262027 -0.02626120
v 0.01035403 0.00268055 -0.02638466
v 0.01433349 0.00168387 -0.02659399
v 0.01831667 0.00069121 -0.02679797
v 0.02030640 -0.00030547 -0.02678186
v 0.01931154 -0.00030547 -0.02666377
v 0.01831667 -0.00030547 -0.02654032
v 0.02030640 -0.00130216 -0.02647590
v 0.02030640 -0.00329150 -0.02581568
v 0.02030640 -0.00495934 -0.02523598
v 0.02030640 -0.00545768 -0.02505884
v 0.02030640 -0.00428819 -0.02547215
v 0.02130127 -0.00258418 -0.02608943
v 0.02130127 -0.00329150 -0.02583179
v 0.02130127 -0.00491513 -0.02521987
v 0.02212909 -0.00195322 -0.02622363
v 0.02130127 -0.00627351 -0.02469384
v 0.02229614 -0.00329150 -0.02567612
v 0.02152029 -0.00763189 -0.02412487
v 0.02239637 -0.00229080 -0.02604649
v 0.02239637 -0.00139861 -0.02636855
v 0.02494664 0.00189687 -0.02621826
v 0.02577817 0.00318291 -0.02616458
v 0.02826534 0.00566658 -0.02575127
v 0.02736699 0.00666326 -0.02605723
v 0.02826534 0.00666326 -0.02579958
v 0.02926020 0.00666326 -0.02548826
v 0.02988385 0.00666326 -0.02524671
v 0.03159517 0.00467392 -0.02408193
v 0.03452409 0.00367724 -0.02202075
v 0.03570828 0.00295786 -0.02116729
v 0.03613889 0.00264840 -0.02084523
v 0.03162858 0.00566658 -0.02407656
v 0.03038128 0.00666326 -0.02489245
v 0.02130127 -0.00030547 -0.02683017
v 0.02130127 0.00069121 -0.02698583
v 0.02229614 0.00069121 -0.02681407
v 0.02329100 0.00069121 -0.02652958
v 0.02411140 0.00069121 -0.02627194
v 0.04275773 0.00566658 -0.01132301
v 0.03674769 0.00327535 -0.02021722
v 0.04027056 0.01564948 -0.01451677
v 0.04109838 0.01564948 -0.01370088
v 0.04114664 0.01564948 -0.01365257
v 0.04190392 0.01564948 -0.01261125
v 0.04321804 0.01564948 -0.01075404
v 0.04395676 0.01564948 -0.00969124
v 0.03880053 0.00367724 -0.01732942
v 0.04078284 0.00467392 -0.01432890
v 0.04510383 0.01564948 -0.00762469
v 0.04447275 0.01564948 -0.00884315
v 0.04452102 0.01564948 -0.00875727
v 0.04508898 0.01564948 -0.00765690
v 0.04150672 0.01564948 0.01027107
v 0.03975085 0.00450111 0.01571388
v 0.04272060 0.00566658 0.00970747
v 0.04298045 0.00566658 0.00916533
v 0.03831794 0.00566658 0.01812395
v 0.03772771 0.00820651 0.01862851
v 0.04092019 0.01564948 0.01132850
v 0.03970630 0.01503057 0.01363123
v 0.02883330 0.00765995 0.02462955
v 0.02880732 0.00833110 0.02461345
v 0.03034788 0.00871691 0.02382440
v 0.03025507 0.00964929 0.02389955
v 0.02528445 0.00467392 0.02586948
v 0.02428958 0.00467392 0.02610029
v 0.02030640 0.01163864 0.02623985
v 0.02030640 0.01263532 0.02615397
v 0.01931154 0.01363200 0.02625059
v 0.01931154 0.01263532 0.02631500
v 0.02869224 0.00899422 0.02457588
v 0.02832102 0.00866065 0.02470470
v 0.01931154 0.01163864 0.02636867
v 0.01987208 0.00530890 0.02659412
v 0.02083354 0.00324320 0.02658875
v 0.01732180 0.00467392 0.02686250
v 0.01632323 0.00566658 0.02690007
v 0.01532836 0.00566658 0.02683566
v 0.01532836 0.00467392 0.02685713
v 0.01632323 0.00292972 0.02664242
v 0.01527268 0.00361293 0.02670147
v 0.01556594 0.00302216 0.02662095
v 0.01532836 0.00168387 0.02632573
v 0.01532836 0.00069121 0.02611640
v 0.01433349 -0.00329150 0.02519852
v 0.01433349 -0.00527683 0.02474764
v 0.01336461 -0.00528889 0.02467786
v 0.03244526 0.01064598 0.02238587
v 0.03194783 0.01064598 0.02275087
v 0.03252693 0.00964929 0.02244492
v 0.03055576 0.01163864 0.02348088
v 0.03005833 0.01163864 0.02374926
v 0.03034416 0.01066205 0.02381904
v 0.03431249 0.01158237 0.02089903
v 0.03469114 0.01187575 0.02058234
v 0.03617601 0.01270364 0.01935851
v 0.03571199 0.01307740 0.01960543
v 0.03289444 0.01236204 0.02170955
v 0.03767945 0.00887365 0.01855873
v 0.03746786 0.01263934 0.01804881
v 0.03683307 0.01333059 0.01872513
v 0.03638390 0.01163864 0.01936388
v 0.03588646 0.01163864 0.01973425
v 0.03529251 0.01064598 0.02029249
v 0.03254921 0.00666326 0.02249323
v 0.03115342 0.00871691 0.02336279
v 0.01236974 -0.00528889 0.02448463
v 0.01433349 -0.00229482 0.02540250
v 0.01333863 -0.00428819 0.02487647
v 0.01333863 -0.00329150 0.02506433
v 0.01271498 -0.00496738 0.02462419
v 0.00836058 -0.00329150 0.02390492
v 0.00835687 -0.00329552 0.02389955
v 0.00835687 -0.00434445 0.02360970
v 0.00835687 -0.00508794 0.02315881
v 0.00835687 -0.00529693 0.02301926
v 0.00835687 -0.00628557 0.02234293
v 0.00836058 -0.00755955 0.02146800
v 0.00835687 -0.00228276 -0.02432347
v 0.00835687 -0.00025725 -0.02508568
v 0.00835687 0.00163163 -0.02579421
v 0.00835687 0.00168387 -0.02581032
v 0.00835687 0.00342405 -0.02609480
v 0.00867612 0.00367724 -0.02622899
v 0.00935916 0.00367724 -0.02636318
v 0.01035403 0.00367724 -0.02648664
v 0.01134889 0.00367724 -0.02659399
v 0.01134889 0.00268055 -0.02647590
v 0.01532836 0.00168387 -0.02668525
v 0.01931154 0.00069121 -0.02688921
v 0.02030640 0.00069121 -0.02697510
v 0.02130127 -0.00130216 -0.02654569
v 0.02428958 0.00268055 -0.02649738
v 0.02653917 0.00467392 -0.02610554
v 0.02718509 0.00573892 -0.02603576
v 0.02679160 0.00611670 -0.02616995
v 0.02627932 0.00666326 -0.02634708
v 0.02687327 0.00666326 -0.02619142
v 0.02359540 0.00765995 -0.02710929
v 0.02689183 0.00741078 -0.02619679
v 0.02826534 0.00765995 -0.02572443
v 0.02927505 0.00759564 -0.02533796
v 0.02979105 0.00722189 -0.02518767
v 0.03512917 0.00367724 -0.02152156
v 0.03562661 0.00367724 -0.02109751
v 0.03100865 0.00666326 -0.02439326
v 0.03276822 0.00526068 -0.02320164
v 0.03087872 0.00745097 -0.02428054
v 0.02061452 0.00205763 -0.02717370
v 0.02093376 0.00205763 -0.02717370
v 0.02130127 0.00367724 -0.02730789
v 0.02159825 0.00247559 -0.02713613
v 0.02181355 0.00313871 -0.02716297
v 0.02229614 0.00168387 -0.02691069
v 0.03629109 0.00363705 -0.02053391
v 0.03392271 0.00467392 -0.02234281
v 0.02679531 0.01316983 -0.02518230
v 0.02579673 0.01515114 -0.02517693
v 0.02564082 0.01564948 -0.02506958
v 0.03770544 0.01297291 0.01759256
v 0.04048587 0.01564948 0.01209071
v 0.04015177 0.01564948 0.01264894
v 0.03993275 0.01562135 0.01301394
v 0.03785021 0.01436344 0.01681961
v 0.03762005 0.01363200 0.01749594
v 0.03793930 0.01363200 0.01699675
v 0.02926020 0.00964929 0.02433433
v 0.02926020 0.01064598 0.02424845
v 0.02130127 0.01263532 0.02592853
v 0.02329100 0.00765995 0.02600904
v 0.02464224 0.00884552 0.02555816
v 0.02130127 0.01163864 0.02603588
v 0.02030640 0.01363200 0.02604661
v 0.01831667 0.01363200 0.02629890
v 0.01831667 0.01263532 0.02638478
v 0.01831667 0.01163864 0.02645992
v 0.01931154 0.01462467 0.02608956
v 0.01831667 0.01462467 0.02614860
v 0.02822822 0.01067813 0.02450073
v 0.02348775 0.01163864 0.02552058
v 0.01831667 0.01064598 0.02650823
v 0.01794545 0.00943227 0.02659949
v 0.01732180 0.00666326 0.02678198
v 0.01732180 0.00566658 0.02682493
v 0.01831667 0.00467392 0.02677125
v 0.01732180 0.00765995 0.02673367
v 0.01732180 0.00865261 0.02668000
v 0.01732180 0.00950863 0.02661559
v 0.01668702 0.00934788 0.02661022
v 0.01379522 0.00525666 0.02659412
v 0.01634179 0.00966939 0.02650823
v 0.01526896 0.00670747 0.02669073
v 0.01400311 0.00591977 0.02655654
v 0.01432978 0.00473018 0.02666390
v 0.01466016 0.00390229 0.02663169
v 0.01379522 0.00509992 0.02659412
v 0.01490517 0.00323918 0.02657801
v 0.01433349 -0.00030547 0.02579970
v 0.03101978 0.01263532 0.02277235
v 0.03021052 0.01261121 0.02328227
v 0.02984673 0.01226157 0.02364727
v 0.02926020 0.01163864 0.02404448
v 0.03580851 0.01241428 0.01967521
v 0.03626882 0.01364808 0.01897741
v 0.03553009 0.01363200 0.01948734
v 0.03503266 0.01363200 0.01980403
v 0.03230049 0.01267149 0.02195109
v 0.03689247 0.01462467 0.01781263
v 0.03662890 0.01399370 0.01853190
v 0.01379522 -0.00086410 0.02560110
v 0.01399568 0.00443680 0.02654581
v 0.00966727 0.00586753 0.02563867
v 0.00835687 0.00566256 0.02525757
v 0.00835687 0.00367724 -0.02610554
v 0.00875407 0.00467392 -0.02620752
v 0.01134889 0.01064598 -0.02667988
v 0.01134889 0.00964929 -0.02670135
v 0.01035403 0.00666326 -0.02653495
v 0.01035403 0.00566658 -0.02653495
v 0.01035403 0.00467392 -0.02652421
v 0.01632323 0.00765995 -0.02743135
v 0.01474926 0.00606043 -0.02717370
v 0.01732180 0.00666326 -0.02747966
v 0.01234376 0.00367724 -0.02668525
v 0.01931154 0.00666326 -0.02765142
v 0.01433349 0.00268055 -0.02672818
v 0.02030640 0.00367724 -0.02735620
v 0.02029156 0.00170798 -0.02710392
v 0.02190636 0.00367724 -0.02718980
v 0.02271190 0.00540937 -0.02714149
v 0.02528445 0.00566658 -0.02651348
v 0.02428958 0.00666326 -0.02685164
v 0.02229614 0.00765995 -0.02744208
v 0.02309797 0.00765995 -0.02723811
v 0.02130127 0.00865261 -0.02774267
v 0.02724449 0.00770817 -0.02604649
v 0.02306456 0.00865261 -0.02723811
v 0.02356200 0.00865261 -0.02708782
v 0.02727418 0.00865261 -0.02589083
v 0.02727418 0.00964929 -0.02573517
v 0.02826534 0.00865261 -0.02554193
v 0.02428958 0.00865261 -0.02685701
v 0.02827648 0.00958097 -0.02534333
v 0.02892240 0.00865261 -0.02526282
v 0.02727418 0.01064598 -0.02554730
v 0.02692895 0.01263532 -0.02526282
v 0.02030640 0.00467392 -0.02747966
v 0.02030640 0.00566658 -0.02759775
v 0.02030640 0.00666326 -0.02771047
v 0.02030640 0.00765995 -0.02781782
v 0.02130127 0.00467392 -0.02741524
v 0.02130127 0.00566658 -0.02751186
v 0.02130127 0.00765995 -0.02769436
v 0.02592666 0.01462467 -0.02525745
v 0.02526589 0.01553695 -0.02532186
v 0.02539953 0.01564948 -0.02520377
v 0.03994017 0.01564948 0.01298711
v 0.03961721 0.01564948 0.01348093
v 0.03884136 0.01534405 0.01481748
v 0.03741959 0.01466888 0.01714167
v 0.02687327 0.01222540 0.02462419
v 0.02705888 0.01163864 0.02466713
v 0.02233326 0.01260317 0.02568698
v 0.02268963 0.01291262 0.02556353
v 0.02202886 0.01342704 0.02564404
v 0.02138665 0.01370836 0.02575676
v 0.02177643 0.01409016 0.02558500
v 0.01732180 0.01363200 0.02617007
v 0.01732180 0.01263532 0.02630426
v 0.02036580 0.01468897 0.02579970
v 0.02007625 0.01529180 0.02567625
v 0.01931154 0.01544854 0.02578360
v 0.02111195 0.01440363 0.02568161
v 0.01831667 0.01550882 0.02581581
v 0.01732180 0.01542041 0.02574066
v 0.01732180 0.01462467 0.02599294
v 0.02627932 0.01163864 0.02485500
v 0.01134889 0.00666326 0.02596610
v 0.00835687 0.00765593 0.02527904
v 0.01035403 0.00666326 0.02577286
v 0.00967470 0.00666326 0.02563331
v 0.00835687 0.00665925 0.02534345
v 0.01532836 0.01163864 0.02606272
v 0.02992097 0.01435942 0.02270793
v 0.03025507 0.01358378 0.02283676
v 0.03058546 0.01388519 0.02249859
v 0.02945695 0.01562135 0.02242881
v 0.02894838 0.01564948 0.02269720
v 0.02829504 0.01564948 0.02293874
v 0.02826534 0.01562135 0.02296021
v 0.02921937 0.01261121 0.02373852
v 0.03596442 0.01440363 0.01879491
v 0.03458720 0.01491001 0.01951418
v 0.03481735 0.01424689 0.01966984
v 0.03385961 0.01330246 0.02068969
v 0.03672913 0.01512703 0.01763013
v 0.03626882 0.01469299 0.01834403
v 0.03568229 0.01506674 0.01858021
v 0.00835687 0.00467392 -0.02603576
v 0.00882460 0.00533302 -0.02618068
v 0.00957818 0.00765995 -0.02628804
v 0.01035403 0.00964929 -0.02642223
v 0.01029463 0.01055354 -0.02632561
v 0.01063986 0.01163864 -0.02626120
v 0.01134889 0.01163864 -0.02650811
v 0.01234376 0.01163864 -0.02671745
v 0.01234376 0.01064598 -0.02686774
v 0.01134889 0.00865261 -0.02670671
v 0.01134889 0.00666326 -0.02669061
v 0.01419614 0.00666326 -0.02710929
v 0.01831667 0.00865261 -0.02772657
v 0.01931154 0.00865261 -0.02786076
v 0.01461191 0.00964929 -0.02719517
v 0.01831667 0.00765995 -0.02767826
v 0.01931154 0.00765995 -0.02777488
v 0.01931154 0.00467392 -0.02739914
v 0.02234811 0.00571079 -0.02725958
v 0.02229614 0.00666326 -0.02735620
v 0.02030640 0.00865261 -0.02790370
v 0.02130127 0.00964929 -0.02764069
v 0.02236296 0.00967743 -0.02731863
v 0.02289751 0.00936395 -0.02719517
v 0.02526960 0.01171500 -0.02605723
v 0.02528445 0.01363200 -0.02574591
v 0.02428958 0.00964929 -0.02670135
v 0.02728532 0.01156630 -0.02534333
v 0.02528445 0.01462467 -0.02554730
v 0.02628674 0.01355163 -0.02534333
v 0.02521021 0.01564948 -0.02530576
v 0.02428958 0.01462467 -0.02586399
v 0.03915690 0.01564948 0.01411968
v 0.03910122 0.01564948 0.01419483
v 0.03839961 0.01564948 0.01513954
v 0.03753096 0.01564948 0.01622380
v 0.03692587 0.01552490 0.01707189
v 0.03819173 0.01564948 0.01540255
v 0.02723335 0.01258709 0.02438264
v 0.02138665 0.01468897 0.02549911
v 0.02074073 0.01506674 0.02556889
v 0.01632323 0.01263532 0.02611640
v 0.01632323 0.01363200 0.02596610
v 0.01365416 0.01234998 0.02563331
v 0.01332749 0.01162256 0.02568161
v 0.01205792 0.01084290 0.02554742
v 0.01236974 0.01056560 0.02564941
v 0.02130127 0.01562135 0.02518779
v 0.02133468 0.01564948 0.02516632
v 0.02036580 0.01562537 0.02544007
v 0.01931154 0.01564948 0.02566551
v 0.01831667 0.01564948 0.02572992
v 0.01732180 0.01564948 0.02562257
v 0.01535806 0.01564948 0.02525757
v 0.01433349 0.01564948 0.02506433
v 0.01333863 0.01564948 0.02487647
v 0.01650883 0.01526769 0.02566014
v 0.01584435 0.01510292 0.02558500
v 0.01623785 0.01471308 0.02574603
v 0.00835687 0.00864859 0.02513948
v 0.03029219 0.01562939 0.02191352
v 0.03424939 0.01459653 0.01987381
v 0.02945324 0.01564948 0.02241808
v 0.02826534 0.01564948 0.02294948
v 0.02727418 0.01363200 0.02399617
v 0.02466452 0.01564948 0.02410352
v 0.02428958 0.01486982 0.02450610
v 0.03451295 0.01564948 0.01912771
v 0.03425681 0.01564948 0.01933168
v 0.03392271 0.01537218 0.01973425
v 0.03689989 0.01564948 0.01700211
v 0.03670314 0.01564948 0.01721145
v 0.03630594 0.01564948 0.01761403
v 0.03609435 0.01564948 0.01780726
v 0.03495099 0.01562135 0.01879491
v 0.03544842 0.01562135 0.01838160
v 0.00835687 0.00523254 -0.02598208
v 0.00843854 0.00566658 -0.02597671
v 0.00907703 0.00765995 -0.02606796
v 0.00979349 0.00964929 -0.02619142
v 0.00992341 0.01082683 -0.02613237
v 0.01014243 0.01163864 -0.02600355
v 0.01083290 0.01215708 -0.02617532
v 0.01134889 0.01227362 -0.02626120
v 0.01333863 0.01163864 -0.02681407
v 0.01434092 0.01063794 -0.02710392
v 0.01333863 0.01064598 -0.02700194
v 0.01234376 0.01243036 -0.02636318
v 0.01632323 0.00964929 -0.02744208
v 0.01732180 0.00964929 -0.02756017
v 0.01831667 0.00964929 -0.02765142
v 0.01931154 0.00964929 -0.02773730
v 0.02030640 0.00964929 -0.02778024
v 0.02208826 0.01064598 -0.02725421
v 0.02191007 0.01124077 -0.02719517
v 0.02492808 0.01142966 -0.02621289
v 0.02413367 0.01263532 -0.02627730
v 0.02393693 0.01343508 -0.02621289
v 0.02427845 0.01371238 -0.02605723
v 0.02428958 0.01562135 -0.02554193
v 0.02428958 0.01564948 -0.02553120
v 0.02329100 0.01410623 -0.02615921
v 0.02584128 0.01318591 0.02461345
v 0.01526896 0.01368827 0.02572992
v 0.01394000 0.01301310 0.02556889
v 0.01134889 0.01163864 0.02525757
v 0.00935916 0.01064598 0.02500529
v 0.00835687 0.00964527 0.02497308
v 0.02039550 0.01564948 0.02541860
v 0.01188716 0.01564948 0.02459198
v 0.01433349 0.01462467 0.02534345
v 0.01136003 0.01562135 0.02448463
v 0.00901393 0.01564948 0.02395860
v 0.03255292 0.01562135 0.02049109
v 0.03118683 0.01564948 0.02133918
v 0.03029219 0.01564948 0.02190278
v 0.03493985 0.01564948 0.01878417
v 0.03422711 0.01564948 0.01935315
v 0.03330649 0.01564948 0.01999727
v 0.03302065 0.01564948 0.02017977
v 0.03543729 0.01564948 0.01837086
v 0.00835687 0.00573490 -0.02593377
v 0.00835687 0.00666326 -0.02584252
v 0.00836058 0.00765995 -0.02574591
v 0.00835687 0.00964929 -0.02554730
v 0.00835687 0.01060981 -0.02537554
v 0.00835687 0.01064196 -0.02536480
v 0.00866869 0.01137741 -0.02528428
v 0.00930348 0.01272374 -0.02501590
v 0.00890998 0.01406604 -0.02414634
v 0.00861301 0.01540433 -0.02332509
v 0.00957447 0.01437550 -0.02433958
v 0.00935545 0.01564948 -0.02346465
v 0.01053964 0.01334265 -0.02532723
v 0.01134889 0.01277196 -0.02593914
v 0.01333863 0.01252279 -0.02640076
v 0.01532836 0.01263532 -0.02649201
v 0.01433349 0.01163864 -0.02686774
v 0.01632323 0.01058167 -0.02730252
v 0.01532836 0.01046513 -0.02723275
v 0.01134889 0.01349536 -0.02543995
v 0.01234376 0.01292870 -0.02600892
v 0.01404023 0.01308946 -0.02613774
v 0.01470471 0.01315778 -0.02618068
v 0.01532836 0.01321806 -0.02621826
v 0.01737378 0.01073037 -0.02730789
v 0.01831667 0.01064598 -0.02737767
v 0.02030640 0.01064598 -0.02743672
v 0.02130127 0.01128096 -0.02721127
v 0.02329100 0.01462467 -0.02597671
v 0.02229614 0.01462467 -0.02594450
v 0.02322047 0.01564948 -0.02547752
v 0.00835687 0.01462467 0.02401227
v 0.00835687 0.01362798 0.02420551
v 0.00835687 0.01071832 0.02476911
v 0.01142314 0.01564948 0.02449000
v 0.01103707 0.01490599 0.02455441
v 0.00835687 0.01564948 0.02380830
v 0.03254549 0.01564948 0.02048036
v 0.00835687 0.01167079 -0.02496223
v 0.00835687 0.01168285 -0.02495686
v 0.00835687 0.01262327 -0.02451134
v 0.00835687 0.01461663 -0.02356127
v 0.00925522 0.01564948 -0.02342708
v 0.00835687 0.01564948 -0.02304597
v 0.00941855 0.01564948 -0.02348612
v 0.01035403 0.01455233 -0.02447914
v 0.01632323 0.01263532 -0.02654032
v 0.01632323 0.01329040 -0.02625583
v 0.01931154 0.01398969 -0.02610554
v 0.02030640 0.01402987 -0.02612701
v 0.01532836 0.01163864 -0.02689995
v 0.01035403 0.01505067 -0.02412487
v 0.01031319 0.01564948 -0.02367399
v 0.01632323 0.01447999 -0.02543458
v 0.01435577 0.01354761 -0.02584252
v 0.01532836 0.01371640 -0.02585863
v 0.02030640 0.01536414 -0.02534870
v 0.02130127 0.01564948 -0.02527892
v 0.02130127 0.01546461 -0.02541311
v 0.01831667 0.01392940 -0.02606796
v 0.02229614 0.01556107 -0.02545605
v 0.01831667 0.01117245 -0.02717370
v 0.02229614 0.01411025 -0.02615921
v 0.02229614 0.01361191 -0.02634708
v 0.02283441 0.01564948 -0.02545068
v 0.01532836 0.01564948 -0.02440936
v 0.01532836 0.01554499 -0.02448987
v 0.01333863 0.01534807 -0.02434494
v 0.01848372 0.01518731 -0.02521987
v 0.01931154 0.01526769 -0.02527892
v 0.02229614 0.01564948 -0.02539701
v 0.01870274 0.01564948 -0.02490318
f 1 2 3
f 1 3 4
f 1 4 5
f 1 5 6
f 1 6 7
f 1 7 8
f 1 8 9
f 1 9 10
f 1 10 2
f 2 11 12
f 2 12 3
f 2 10 13
f 2 13 14
f 2 14 11
f 3 15 4
f 3 12 16
f 3 16 17
f 3 17 18
f 3 18 15
f 4 19 20
f 4 20 5
f 4 15 21
f 4 21 22
f 4 22 19
f 5 20 23
f 5 23 24
f 5 24 25
f 5 25 26
f 5 26 27
f 5 27 6
f 6 27 7
f 7 28 29
f 7 29 30
f 7 30 8
f 7 27 31
f 7 31 28
f 8 30 32
f 8 32 33
f 8 33 9
f 9 33 10
f 10 34 35
f 10 35 13
f 10 33 36
f 10 36 37
f 10 37 38
f 10 38 39
f 10 39 34
f 11 14 40
f 11 40 41
f 11 41 12
f 12 41 42
f 12 42 16
f 13 35 43
f 13 43 44
f 13 44 45
f 13 45 14
f 14 45 46
f 14 46 47
f 14 47 48
f 14 48 49
f 14 49 40
f 15 18 50
f 15 50 51
f 15 51 21
f 16 42 52
f 16 52 53
f 16 53 54
f 16 54 55
f 16 55 56
f 16 56 57
f 16 57 58
f 16 58 59
f 16 59 17
f 17 59 60
f 17 60 18
f 18 60 61
f 18 61 62
f 18 62 50
f 19 22 63
f 19 63 64
f 19 64 20
f 20 64 65
f 20 65 23
f 21 51 22
f 22 66 67
f 22 67 68
f 22 68 63
f 22 51 69
f 22 69 70
f 22 70 71
f 22 71 72
f 22 72 66
f 23 73 74
f 23 74 75
f 23 75 76
f 23 76 77
f 23 77 24
f 23 65 78
f 23 78 79
f 23 79 80
f 23 80 81
f 23 81 82
f 23 82 83
f 23 83 73
f 24 77 25
f 25 77 26
f 26 77 84
f 26 84 85
f 26 85 86
f 26 86 27
f 27 86 87
f 27 87 88
f 27 88 89
f 27 89 90
f 27 90 31
f 28 31 91
f 28 91 92
f 28 92 29
f 29 92 93
f 29 93 30
f 30 93 32
f 31 90 94
f 31 94 95
f 31 95 96
f 31 96 97
f 31 97 92
f 31 92 91
f 32 93 98
f 32 98 99
f 32 99 100
f 32 100 101
f 32 101 33
f 33 101 102
f 33 102 103
f 33 103 104
f 33 104 105
f 33 105 106
f 33 106 107
f 33 107 108
f 33 108 109
f 33 109 37
f 33 37 36
f 34 110 35
f 34 39 111
f 34 111 112
f 34 112 241
f 34 241 113
f 34 113 114
f 34 114 115
f 34 115 116
f 34 116 110
f 35 110 116
f 35 116 115
f 35 115 43
f 37 109 117
f 37 117 118
f 37 118 39
f 37 39 38
f 39 118 119
f 39 119 111
f 40 49 41
f 41 49 120
f 41 120 42
f 42 120 121
f 42 121 122
f 42 122 123
f 42 123 52
f 43 115 114
f 43 114 240
f 43 240 124
f 43 124 125
f 43 125 45
f 43 45 44
f 45 125 126
f 45 126 127
f 45 127 128
f 45 128 47
f 45 47 46
f 47 128 129
f 47 129 130
f 47 130 131
f 47 131 48
f 48 132 49
f 48 131 132
f 49 132 133
f 49 133 134
f 49 134 135
f 49 135 120
f 50 62 136
f 50 136 137
f 50 137 138
f 50 138 51
f 51 138 69
f 52 123 53
f 53 123 54
f 54 123 139
f 54 139 140
f 54 140 55
f 55 140 141
f 55 141 56
f 56 141 57
f 57 141 58
f 58 140 59
f 58 141 140
f 59 140 142
f 59 142 143
f 59 143 144
f 59 144 60
f 60 144 145
f 60 145 61
f 61 145 146
f 61 146 62
f 62 146 147
f 62 147 148
f 62 148 149
f 62 149 150
f 62 150 137
f 62 137 136
f 63 68 151
f 63 151 152
f 63 152 64
f 64 152 65
f 65 152 151
f 65 151 153
f 65 153 78
f 66 154 67
f 66 72 155
f 66 155 154
f 67 154 156
f 67 156 68
f 68 156 153
f 68 153 151
f 69 138 157
f 69 157 70
f 70 72 71
f 70 157 158
f 70 158 72
f 72 158 159
f 72 159 155
f 73 83 74
f 74 83 160
f 74 160 75
f 75 161 76
f 75 160 162
f 75 162 161
f 76 163 164
f 76 164 165
f 76 165 77
f 76 161 163
f 77 165 84
f 78 153 166
f 78 166 167
f 78 167 168
f 78 168 79
f 79 168 169
f 79 169 170
f 79 170 171
f 79 171 172
f 79 172 173
f 79 173 174
f 79 174 175
f 79 175 176
f 79 176 177
f 79 177 179
f 79 179 178
f 79 178 80
f 80 178 179
f 80 179 180
f 80 180 81
f 81 180 82
f 82 180 181
f 82 181 182
f 82 182 183
f 82 183 83
f 83 183 184
f 83 184 185
f 83 185 186
f 83 186 187
f 83 187 188
f 83 188 189
f 83 189 190
f 83 190 160
f 84 165 188
f 84 188 191
f 84 191 85
f 85 192 87
f 85 87 86
f 85 191 193
f 85 193 192
f 87 192 194
f 87 194 195
f 87 195 88
f 88 195 196
f 88 196 197
f 88 197 89
f 89 197 198
f 89 198 90
f 90 198 199
f 90 199 94
f 92 97 211
f 92 211 200
f 92 200 201
f 92 201 202
f 92 202 93
f 93 203 204
f 93 204 205
f 93 205 98
f 93 202 206
f 93 206 203
f 94 207 95
f 94 199 208
f 94 208 207
f 95 97 96
f 95 207 208
f 95 208 209
f 95 209 97
f 97 209 210
f 97 210 211
f 98 205 99
f 99 205 204
f 99 204 212
f 99 212 213
f 99 213 100
f 100 213 101
f 101 213 102
f 102 213 214
f 102 214 215
f 102 215 216
f 102 216 103
f 103 216 206
f 103 206 217
f 103 217 218
f 103 218 219
f 103 219 220
f 103 220 104
f 104 221 222
f 104 222 106
f 104 106 223
f 104 223 105
f 104 220 224
f 104 224 225
f 104 225 226
f 104 226 221
f 105 223 106
f 106 222 227
f 106 227 228
f 106 228 229
f 106 229 230
f 106 230 231
f 106 231 232
f 106 232 107
f 107 232 108
f 108 233 234
f 108 234 117
f 108 117 109
f 108 232 233
f 111 119 112
f 112 119 235
f 112 235 236
f 112 236 237
f 112 237 238
f 112 238 251
f 112 251 239
f 112 239 240
f 112 240 241
f 113 241 240
f 113 240 114
f 117 234 242
f 117 242 118
f 118 243 244
f 118 244 245
f 118 245 119
f 118 242 234
f 118 234 243
f 119 245 246
f 119 246 247
f 119 247 248
f 119 248 235
f 120 135 249
f 120 249 121
f 121 249 250
f 121 250 122
f 122 250 123
f 123 250 139
f 124 251 125
f 124 240 252
f 124 252 251
f 125 251 253
f 125 253 127
f 125 127 126
f 127 254 130
f 127 130 129
f 127 129 128
f 127 253 255
f 127 255 256
f 127 256 257
f 127 257 258
f 127 258 259
f 127 259 260
f 127 260 261
f 127 261 262
f 127 262 263
f 127 263 254
f 130 254 264
f 130 264 265
f 130 265 266
f 130 266 131
f 131 266 134
f 131 134 133
f 131 133 132
f 134 266 135
f 135 267 249
f 135 266 268
f 135 268 269
f 135 269 270
f 135 270 267
f 137 150 271
f 137 271 272
f 137 272 273
f 137 273 157
f 137 157 274
f 137 274 138
f 138 274 157
f 139 275 276
f 139 276 142
f 139 142 140
f 139 250 277
f 139 277 275
f 142 276 143
f 143 276 278
f 143 278 279
f 143 279 280
f 143 280 144
f 144 280 146
f 144 146 145
f 146 280 281
f 146 281 282
f 146 282 283
f 146 283 284
f 146 284 285
f 146 285 286
f 146 286 287
f 146 287 288
f 146 288 147
f 147 288 289
f 147 289 148
f 148 290 149
f 148 289 290
f 149 290 291
f 149 291 292
f 149 292 293
f 149 293 271
f 149 271 150
f 153 156 166
f 154 294 156
f 154 155 295
f 154 295 296
f 154 296 297
f 154 297 298
f 154 298 294
f 155 159 299
f 155 299 300
f 155 300 296
f 155 296 295
f 156 294 301
f 156 301 302
f 156 302 303
f 156 303 169
f 156 169 168
f 156 168 167
f 156 167 166
f 157 304 305
f 157 305 306
f 157 306 307
f 157 307 159
f 157 159 158
f 157 273 308
f 157 308 309
f 157 309 310
f 157 310 304
f 159 307 299
f 160 190 162
f 161 162 163
f 162 190 164
f 162 164 163
f 164 190 165
f 165 311 189
f 165 189 188
f 165 190 311
f 169 303 312
f 169 312 170
f 170 312 171
f 171 312 313
f 171 313 314
f 171 314 315
f 171 315 316
f 171 316 317
f 171 317 318
f 171 318 173
f 171 173 172
f 173 318 319
f 173 319 320
f 173 320 321
f 173 321 322
f 173 322 174
f 174 322 175
f 175 323 324
f 175 324 176
f 175 322 325
f 175 325 326
f 175 326 323
f 176 324 177
f 177 324 327
f 177 327 328
f 177 328 179
f 179 328 181
f 179 181 180
f 181 328 329
f 181 329 182
f 182 329 330
f 182 330 183
f 183 331 332
f 183 332 333
f 183 333 334
f 183 334 184
f 183 330 324
f 183 324 331
f 184 334 335
f 184 335 336
f 184 336 185
f 185 191 188
f 185 188 186
f 185 336 334
f 185 334 337
f 185 337 338
f 185 338 339
f 185 339 340
f 185 340 191
f 186 188 187
f 189 311 190
f 191 340 193
f 192 341 194
f 192 193 342
f 192 342 343
f 192 343 341
f 193 340 344
f 193 344 345
f 193 345 346
f 193 346 347
f 193 347 348
f 193 348 349
f 193 349 350
f 193 350 351
f 193 351 343
f 193 343 342
f 194 341 352
f 194 352 353
f 194 353 195
f 195 353 196
f 196 353 354
f 196 354 355
f 196 355 356
f 196 356 197
f 197 357 358
f 197 358 198
f 197 356 357
f 198 358 219
f 198 219 199
f 199 219 208
f 200 211 218
f 200 218 201
f 201 218 217
f 201 217 202
f 202 217 206
f 203 212 204
f 203 206 359
f 203 359 212
f 206 216 359
f 208 219 210
f 208 210 209
f 210 219 218
f 210 218 211
f 212 214 213
f 212 359 214
f 214 359 215
f 215 359 216
f 219 358 360
f 219 360 220
f 220 361 224
f 220 360 362
f 220 362 361
f 221 226 363
f 221 363 364
f 221 364 365
f 221 365 227
f 221 227 222
f 224 361 366
f 224 366 367
f 224 367 225
f 225 367 368
f 225 368 369
f 225 369 370
f 225 370 226
f 226 370 363
f 227 365 371
f 227 371 229
f 227 229 228
f 229 371 372
f 229 372 230
f 230 372 231
f 231 372 373
f 231 373 374
f 231 374 232
f 232 375 376
f 232 376 377
f 232 377 233
f 232 374 375
f 233 377 376
f 233 376 234
f 234 376 378
f 234 378 379
f 234 379 380
f 234 380 243
f 235 248 381
f 235 381 382
f 235 382 236
f 236 382 383
f 236 383 384
f 236 384 385
f 236 385 386
f 236 386 387
f 236 387 388
f 236 388 237
f 237 388 389
f 237 389 238
f 238 389 251
f 239 251 252
f 239 252 240
f 243 246 244
f 243 380 379
f 243 379 534
f 243 534 680
f 243 680 821
f 243 821 822
f 243 822 820
f 243 820 819
f 243 819 678
f 243 678 818
f 243 818 963
f 243 963 962
f 243 962 959
f 243 959 958
f 243 958 957
f 243 957 1088
f 243 1088 1206
f 243 1206 1207
f 243 1207 1336
f 243 1336 1335
f 243 1335 1334
f 243 1334 1333
f 243 1333 1199
f 243 1199 1332
f 243 1332 1432
f 243 1432 1501
f 243 1501 1498
f 243 1498 1577
f 243 1577 1625
f 243 1625 1672
f 243 1672 1671
f 243 1671 1670
f 243 1670 1675
f 243 1675 1682
f 243 1682 1680
f 243 1680 1679
f 243 1679 1678
f 243 1678 1677
f 243 1677 1644
f 243 1644 1643
f 243 1643 1642
f 243 1642 1640
f 243 1640 1639
f 243 1639 1594
f 243 1594 1518
f 243 1518 1433
f 243 1433 1342
f 243 1342 1217
f 243 1217 1341
f 243 1341 1340
f 243 1340 1339
f 243 1339 1338
f 243 1338 1212
f 243 1212 1099
f 243 1099 1101
f 243 1101 1211
f 243 1211 1210
f 243 1210 1209
f 243 1209 1208
f 243 1208 1098
f 243 1098 1097
f 243 1097 972
f 243 972 835
f 243 835 834
f 243 834 692
f 243 692 833
f 243 833 832
f 243 832 831
f 243 831 689
f 243 689 548
f 243 548 408
f 243 408 260
f 243 260 259
f 243 259 406
f 243 406 405
f 243 405 401
f 243 401 404
f 243 404 403
f 243 403 536
f 243 536 535
f 243 535 381
f 243 381 248
f 243 248 247
f 243 247 246
f 244 246 245
f 249 267 390
f 249 390 250
f 250 390 391
f 250 391 392
f 250 392 277
f 251 389 253
f 253 389 393
f 253 393 255
f 254 394 264
f 254 263 395
f 254 395 396
f 254 396 397
f 254 397 398
f 254 398 394
f 255 393 399
f 255 399 385
f 255 385 400
f 255 400 256
f 256 401 257
f 256 400 402
f 256 402 403
f 256 403 404
f 256 404 401
f 257 401 405
f 257 405 406
f 257 406 407
f 257 407 259
f 257 259 258
f 259 407 406
f 260 408 409
f 260 409 263
f 260 263 262
f 260 262 261
f 263 409 410
f 263 410 411
f 263 411 395
f 264 394 412
f 264 412 265
f 265 412 266
f 266 412 268
f 267 413 414
f 267 414 415
f 267 415 416
f 267 416 390
f 267 270 413
f 268 412 269
f 269 412 270
f 270 412 417
f 270 417 413
f 271 293 418
f 271 418 419
f 271 419 272
f 272 419 273
f 273 419 308
f 275 278 276
f 275 277 420
f 275 420 278
f 277 392 421
f 277 421 422
f 277 422 420
f 278 420 423
f 278 423 424
f 278 424 279
f 279 424 425
f 279 425 426
f 279 426 280
f 280 426 427
f 280 427 281
f 281 427 282
f 282 427 428
f 282 428 429
f 282 429 430
f 282 430 431
f 282 431 283
f 283 432 284
f 283 431 433
f 283 433 434
f 283 434 432
f 284 432 285
f 285 432 435
f 285 435 436
f 285 436 286
f 286 436 437
f 286 437 291
f 286 291 438
f 286 438 287
f 287 438 288
f 288 438 289
f 289 438 291
f 289 291 290
f 291 437 439
f 291 439 440
f 291 440 441
f 291 441 442
f 291 442 443
f 291 443 444
f 291 444 418
f 291 418 292
f 292 418 293
f 294 298 445
f 294 445 446
f 294 446 301
f 296 447 445
f 296 445 298
f 296 298 297
f 296 300 299
f 296 299 307
f 296 307 448
f 296 448 447
f 301 446 302
f 302 446 449
f 302 449 312
f 302 312 303
f 304 310 305
f 305 450 451
f 305 451 306
f 305 310 450
f 306 451 452
f 306 452 307
f 307 453 454
f 307 454 455
f 307 455 448
f 307 452 453
f 308 419 444
f 308 444 309
f 309 444 443
f 309 443 456
f 309 456 457
f 309 457 458
f 309 458 310
f 310 458 459
f 310 459 460
f 310 460 461
f 310 461 450
f 312 449 462
f 312 462 463
f 312 463 464
f 312 464 313
f 313 464 465
f 313 465 466
f 313 466 467
f 313 467 314
f 314 467 468
f 314 468 315
f 315 468 316
f 316 468 469
f 316 469 470
f 316 470 471
f 316 471 472
f 316 472 473
f 316 473 318
f 316 318 474
f 316 474 317
f 317 474 318
f 318 473 475
f 318 475 319
f 319 476 320
f 319 475 477
f 319 477 476
f 320 476 478
f 320 478 479
f 320 479 321
f 321 479 322
f 322 479 480
f 322 480 481
f 322 481 482
f 322 482 325
f 323 326 332
f 323 332 483
f 323 483 324
f 324 483 484
f 324 484 331
f 324 330 327
f 325 482 326
f 326 482 485
f 326 485 486
f 326 486 332
f 327 330 329
f 327 329 328
f 331 487 332
f 331 484 487
f 332 487 483
f 332 486 333
f 333 486 488
f 333 488 334
f 334 489 337
f 334 336 335
f 334 488 489
f 337 490 491
f 337 491 339
f 337 339 338
f 337 489 488
f 337 488 492
f 337 492 490
f 339 491 493
f 339 493 345
f 339 345 344
f 339 344 340
f 341 343 494
f 341 494 352
f 343 351 495
f 343 495 496
f 343 496 497
f 343 497 498
f 343 498 494
f 345 499 500
f 345 500 501
f 345 501 502
f 345 502 346
f 345 493 499
f 346 503 347
f 346 502 503
f 347 503 504
f 347 504 505
f 347 505 348
f 348 505 506
f 348 506 507
f 348 507 508
f 348 508 509
f 348 509 349
f 349 509 350
f 350 509 508
f 350 508 495
f 350 495 351
f 352 494 353
f 353 494 510
f 353 510 511
f 353 511 512
f 353 512 354
f 354 512 513
f 354 513 355
f 355 513 512
f 355 512 356
f 356 512 514
f 356 514 515
f 356 515 516
f 356 516 357
f 357 516 358
f 358 516 360
f 360 516 362
f 361 362 517
f 361 517 518
f 361 518 519
f 361 519 366
f 362 520 517
f 362 516 521
f 362 521 522
f 362 522 520
f 363 370 364
f 364 371 365
f 364 370 371
f 366 519 523
f 366 523 367
f 367 523 524
f 367 524 368
f 368 524 525
f 368 525 369
f 369 525 526
f 369 526 370
f 370 526 527
f 370 527 528
f 370 528 371
f 371 528 372
f 372 528 373
f 373 528 374
f 374 528 529
f 374 529 526
f 374 526 375
f 375 526 530
f 375 530 376
f 376 531 532
f 376 532 378
f 376 530 533
f 376 533 531
f 378 532 379
f 379 532 534
f 381 535 382
f 382 535 383
f 383 535 536
f 383 536 537
f 383 537 538
f 383 538 402
f 383 402 539
f 383 539 384
f 384 539 385
f 385 393 386
f 385 539 402
f 385 402 400
f 385 399 393
f 386 393 387
f 387 393 389
f 387 389 388
f 390 416 540
f 390 540 541
f 390 541 542
f 390 542 391
f 391 543 392
f 391 542 543
f 392 543 421
f 394 398 544
f 394 544 545
f 394 545 417
f 394 417 412
f 395 411 546
f 395 546 547
f 395 547 414
f 395 414 397
f 395 397 396
f 397 414 398
f 398 414 544
f 402 538 403
f 403 538 537
f 403 537 536
f 408 548 549
f 408 549 409
f 409 549 411
f 409 411 410
f 411 549 550
f 411 550 546
f 413 551 414
f 413 417 551
f 414 547 552
f 414 552 541
f 414 541 415
f 414 551 553
f 414 553 544
f 415 541 416
f 416 541 540
f 417 545 544
f 417 544 551
f 418 444 419
f 420 422 554
f 420 554 423
f 421 543 555
f 421 555 556
f 421 556 557
f 421 557 558
f 421 558 559
f 421 559 422
f 422 559 560
f 422 560 561
f 422 561 562
f 422 562 554
f 423 554 563
f 423 563 564
f 423 564 565
f 423 565 425
f 423 425 424
f 425 565 566
f 425 566 567
f 425 567 426
f 426 567 568
f 426 568 427
f 427 568 569
f 427 569 570
f 427 570 428
f 428 571 572
f 428 572 573
f 428 573 574
f 428 574 575
f 428 575 429
f 428 570 576
f 428 576 577
f 428 577 571
f 429 575 574
f 429 574 433
f 429 433 430
f 430 433 431
f 432 434 433
f 432 433 435
f 433 574 578
f 433 578 579
f 433 579 580
f 433 580 581
f 433 581 582
f 433 582 583
f 433 583 584
f 433 584 585
f 433 585 435
f 435 585 584
f 435 584 436
f 436 584 583
f 436 583 586
f 436 586 437
f 437 586 439
f 439 586 440
f 440 586 441
f 441 586 442
f 442 587 588
f 442 588 456
f 442 456 589
f 442 589 443
f 442 586 583
f 442 583 590
f 442 590 591
f 442 591 587
f 443 589 456
f 445 447 592
f 445 592 446
f 446 592 593
f 446 593 449
f 447 448 592
f 448 455 592
f 449 593 462
f 450 594 451
f 450 461 595
f 450 595 594
f 451 594 452
f 452 594 596
f 452 596 453
f 453 597 598
f 453 598 599
f 453 599 454
f 453 596 600
f 453 600 601
f 453 601 602
f 453 602 597
f 454 599 463
f 454 463 462
f 454 462 593
f 454 593 455
f 455 593 592
f 456 595 457
f 456 588 603
f 456 603 604
f 456 604 600
f 456 600 605
f 456 605 606
f 456 606 594
f 456 594 595
f 457 460 459
f 457 459 458
f 457 595 460
f 460 595 461
f 463 599 607
f 463 607 608
f 463 608 464
f 464 608 465
f 465 608 609
f 465 609 466
f 466 468 467
f 466 609 610
f 466 610 468
f 468 611 469
f 468 610 612
f 468 612 611
f 469 611 612
f 469 612 470
f 470 613 614
f 470 614 471
f 470 612 615
f 470 615 613
f 471 614 472
f 472 477 473
f 472 614 477
f 473 477 475
f 476 477 616
f 476 616 617
f 476 617 478
f 477 614 618
f 477 618 616
f 478 480 479
f 478 617 480
f 480 619 620
f 480 620 621
f 480 621 622
f 480 622 623
f 480 623 624
f 480 624 625
f 480 625 481
f 480 617 613
f 480 613 626
f 480 626 627
f 480 627 619
f 481 625 482
f 482 625 485
f 483 487 484
f 485 625 488
f 485 488 486
f 488 625 628
f 488 628 629
f 488 629 630
f 488 630 631
f 488 631 492
f 490 492 632
f 490 632 633
f 490 633 634
f 490 634 635
f 490 635 491
f 491 635 493
f 492 631 630
f 492 630 632
f 493 635 499
f 494 498 511
f 494 511 510
f 495 636 496
f 495 508 637
f 495 637 638
f 495 638 636
f 496 636 639
f 496 639 640
f 496 640 497
f 497 641 642
f 497 642 643
f 497 643 644
f 497 644 498
f 497 640 641
f 498 644 515
f 498 515 514
f 498 514 645
f 498 645 511
f 499 635 500
f 500 635 646
f 500 646 647
f 500 647 501
f 501 648 649
f 501 649 502
f 501 647 648
f 502 649 503
f 503 650 504
f 503 649 651
f 503 651 652
f 503 652 653
f 503 653 654
f 503 654 650
f 504 650 655
f 504 655 656
f 504 656 657
f 504 657 658
f 504 658 505
f 505 658 506
f 506 658 659
f 506 659 660
f 506 660 661
f 506 661 662
f 506 662 507
f 507 663 664
f 507 664 508
f 507 662 663
f 508 664 637
f 511 645 514
f 511 514 512
f 515 643 522
f 515 522 521
f 515 521 516
f 515 644 643
f 517 520 665
f 517 665 518
f 518 666 667
f 518 667 519
f 518 665 668
f 518 668 669
f 518 669 666
f 519 524 523
f 519 667 524
f 520 522 670
f 520 670 671
f 520 671 665
f 522 643 642
f 522 642 670
f 524 672 526
f 524 526 525
f 524 667 673
f 524 673 674
f 524 674 675
f 524 675 672
f 526 672 530
f 526 529 527
f 527 529 528
f 530 672 676
f 530 676 677
f 530 677 678
f 530 678 679
f 530 679 533
f 531 533 532
f 532 680 534
f 532 533 680
f 533 679 681
f 533 681 682
f 533 682 680
f 541 552 547
f 541 547 683
f 541 683 542
f 542 683 684
f 542 684 685
f 542 685 543
f 543 685 686
f 543 686 687
f 543 687 555
f 544 553 551
f 546 688 683
f 546 683 547
f 546 550 688
f 548 689 690
f 548 690 549
f 549 690 550
f 550 691 692
f 550 692 693
f 550 693 688
f 550 690 694
f 550 694 691
f 554 562 695
f 554 695 696
f 554 696 563
f 555 687 556
f 556 697 557
f 556 687 697
f 557 697 698
f 557 698 558
f 558 699 700
f 558 700 562
f 558 562 561
f 558 561 560
f 558 560 559
f 558 698 699
f 562 700 701
f 562 701 702
f 562 702 703
f 562 703 696
f 562 696 704
f 562 704 695
f 563 696 564
f 564 696 565
f 565 696 566
f 566 696 703
f 566 703 567
f 567 705 706
f 567 706 568
f 567 703 705
f 568 706 569
f 569 707 577
f 569 577 576
f 569 576 570
f 569 706 705
f 569 705 708
f 569 708 707
f 571 709 572
f 571 577 709
f 572 710 711
f 572 711 712
f 572 712 573
f 572 709 710
f 573 578 574
f 573 712 713
f 573 713 714
f 573 714 578
f 577 707 709
f 578 714 579
f 579 715 716
f 579 716 717
f 579 717 718
f 579 718 719
f 579 719 580
f 579 714 720
f 579 720 715
f 580 719 582
f 580 582 581
f 582 719 721
f 582 721 722
f 582 722 591
f 582 591 590
f 582 590 583
f 587 723 588
f 587 591 724
f 587 724 725
f 587 725 723
f 588 723 726
f 588 726 603
f 591 722 727
f 591 727 728
f 591 728 729
f 591 729 730
f 591 730 731
f 591 731 724
f 594 606 605
f 594 605 596
f 596 605 600
f 597 732 598
f 597 602 733
f 597 733 734
f 597 734 735
f 597 735 736
f 597 736 737
f 597 737 738
f 597 738 739
f 597 739 732
f 598 732 739
f 598 739 740
f 598 740 599
f 599 741 607
f 599 740 741
f 600 604 601
f 601 604 742
f 601 742 743
f 601 743 602
f 602 743 744
f 602 744 733
f 603 726 745
f 603 745 746
f 603 746 604
f 604 746 747
f 604 747 748
f 604 748 742
f 607 741 749
f 607 749 608
f 608 749 750
f 608 750 609
f 609 750 751
f 609 751 610
f 610 751 612
f 612 751 749
f 612 749 752
f 612 752 615
f 613 753 754
f 613 754 626
f 613 617 755
f 613 755 614
f 613 615 756
f 613 756 757
f 613 757 758
f 613 758 753
f 614 755 617
f 614 617 618
f 615 752 740
f 615 740 759
f 615 759 739
f 615 739 756
f 616 618 617
f 619 760 620
f 619 627 760
f 620 760 621
f 621 760 761
f 621 761 762
f 621 762 763
f 621 763 622
f 622 763 623
f 623 764 624
f 623 763 764
f 624 765 766
f 624 766 767
f 624 767 768
f 624 768 628
f 624 628 625
f 624 764 765
f 626 754 627
f 627 754 769
f 627 769 760
f 628 768 770
f 628 770 771
f 628 771 629
f 629 771 647
f 629 647 630
f 630 647 646
f 630 646 772
f 630 772 773
f 630 773 633
f 630 633 632
f 633 773 634
f 634 773 646
f 634 646 635
f 636 774 639
f 636 638 775
f 636 775 774
f 637 664 663
f 637 663 776
f 637 776 638
f 638 776 661
f 638 661 660
f 638 660 777
f 638 777 778
f 638 778 779
f 638 779 780
f 638 780 781
f 638 781 775
f 639 782 640
f 639 774 783
f 639 783 784
f 639 784 782
f 640 782 785
f 640 785 786
f 640 786 787
f 640 787 641
f 641 788 642
f 641 787 786
f 641 786 789
f 641 789 930
f 641 930 788
f 642 788 790
f 642 790 670
f 646 773 772
f 647 771 648
f 648 791 649
f 648 771 791
f 649 791 792
f 649 792 793
f 649 793 651
f 650 794 655
f 650 654 795
f 650 795 794
f 651 793 796
f 651 796 797
f 651 797 652
f 652 797 653
f 653 797 796
f 653 796 654
f 654 796 798
f 654 798 799
f 654 799 800
f 654 800 795
f 655 801 656
f 655 794 802
f 655 802 803
f 655 803 801
f 656 801 804
f 656 804 659
f 656 659 657
f 657 659 658
f 659 804 805
f 659 805 806
f 659 806 807
f 659 807 660
f 660 807 808
f 660 808 777
f 661 776 662
f 662 776 663
f 665 671 809
f 665 809 668
f 666 673 667
f 666 669 674
f 666 674 673
f 668 809 810
f 668 810 811
f 668 811 669
f 669 811 674
f 670 790 671
f 671 790 809
f 672 675 812
f 672 812 676
f 674 811 813
f 674 813 675
f 675 813 814
f 675 814 812
f 676 815 816
f 676 816 677
f 676 812 817
f 676 817 815
f 677 816 678
f 678 816 818
f 678 819 679
f 679 819 820
f 679 820 681
f 680 682 821
f 681 822 682
f 681 820 822
f 682 822 821
f 683 823 824
f 683 824 825
f 683 825 826
f 683 826 698
f 683 698 827
f 683 827 684
f 683 688 823
f 684 827 686
f 684 686 685
f 686 827 828
f 686 828 687
f 687 828 697
f 688 693 829
f 688 829 830
f 688 830 823
f 689 831 694
f 689 694 690
f 691 694 832
f 691 832 833
f 691 833 692
f 692 834 693
f 693 834 835
f 693 835 829
f 694 831 832
f 695 704 696
f 697 828 827
f 697 827 698
f 698 826 836
f 698 836 699
f 699 837 838
f 699 838 700
f 699 836 837
f 700 838 839
f 700 839 840
f 700 840 841
f 700 841 843
f 700 843 701
f 701 842 702
f 701 843 844
f 701 844 842
f 702 842 845
f 702 845 703
f 703 845 846
f 703 846 705
f 705 846 847
f 705 847 708
f 707 708 848
f 707 848 709
f 708 847 849
f 708 849 848
f 709 848 710
f 710 847 850
f 710 850 851
f 710 851 711
f 710 848 849
f 710 849 847
f 711 851 844
f 711 844 712
f 712 844 852
f 712 852 853
f 712 853 713
f 713 853 854
f 713 854 855
f 713 855 856
f 713 856 714
f 714 856 720
f 715 857 716
f 715 720 858
f 715 858 859
f 715 859 860
f 715 860 861
f 715 861 857
f 716 862 863
f 716 863 864
f 716 864 865
f 716 865 717
f 716 857 862
f 717 865 866
f 717 866 867
f 717 867 729
f 717 729 868
f 717 868 869
f 717 869 718
f 718 869 719
f 719 869 722
f 719 722 721
f 720 856 870
f 720 870 858
f 722 869 868
f 722 868 727
f 723 725 871
f 723 871 872
f 723 872 873
f 723 873 874
f 723 874 875
f 723 875 726
f 724 876 877
f 724 877 725
f 724 731 878
f 724 878 876
f 725 877 871
f 726 875 879
f 726 879 880
f 726 880 745
f 727 868 729
f 727 729 728
f 729 867 866
f 729 866 881
f 729 881 730
f 730 881 878
f 730 878 731
f 733 744 734
f 734 744 735
f 735 882 736
f 735 744 883
f 735 883 882
f 736 882 737
f 737 882 738
f 738 884 739
f 738 882 884
f 739 885 756
f 739 759 740
f 739 884 886
f 739 886 887
f 739 887 888
f 739 888 889
f 739 889 885
f 740 752 749
f 740 749 741
f 742 890 743
f 742 748 891
f 742 891 892
f 742 892 890
f 743 890 893
f 743 893 744
f 744 894 895
f 744 895 896
f 744 896 883
f 744 893 894
f 745 897 898
f 745 898 746
f 745 880 899
f 745 899 897
f 746 898 747
f 747 898 891
f 747 891 748
f 749 751 750
f 753 758 754
f 754 758 900
f 754 900 901
f 754 901 902
f 754 902 769
f 756 885 757
f 757 885 889
f 757 889 888
f 757 888 1017
f 757 1017 1140
f 757 1140 1268
f 757 1268 1271
f 757 1271 1270
f 757 1270 1269
f 757 1269 1265
f 757 1265 1264
f 757 1264 1263
f 757 1263 1262
f 757 1262 1261
f 757 1261 1260
f 757 1260 1378
f 757 1378 1475
f 757 1475 1548
f 757 1548 1618
f 757 1618 1669
f 757 1669 1703
f 757 1703 1709
f 757 1709 1696
f 757 1696 1710
f 757 1710 1704
f 757 1704 1691
f 757 1691 1683
f 757 1683 1650
f 757 1650 1681
f 757 1681 1682
f 757 1682 1675
f 757 1675 1630
f 757 1630 1673
f 757 1673 1627
f 757 1627 1573
f 757 1573 1572
f 757 1572 1571
f 757 1571 1570
f 757 1570 1569
f 757 1569 1568
f 757 1568 1626
f 757 1626 1566
f 757 1566 1583
f 757 1583 1581
f 757 1581 1508
f 757 1508 1507
f 757 1507 1580
f 757 1580 1633
f 757 1633 1632
f 757 1632 1676
f 757 1676 1637
f 757 1637 1636
f 757 1636 1635
f 757 1635 1586
f 757 1586 1585
f 757 1585 1634
f 757 1634 1638
f 757 1638 1591
f 757 1591 1590
f 757 1590 1589
f 757 1589 1588
f 757 1588 1553
f 757 1553 1555
f 757 1555 1552
f 757 1552 1551
f 757 1551 1550
f 757 1550 1477
f 757 1477 1476
f 757 1476 1381
f 757 1381 1380
f 757 1380 1278
f 757 1278 1272
f 757 1272 1143
f 757 1143 1142
f 757 1142 1032
f 757 1032 903
f 757 903 758
f 758 903 904
f 758 904 905
f 758 905 906
f 758 906 907
f 758 907 900
f 760 769 902
f 760 902 901
f 760 901 761
f 761 901 762
f 762 907 906
f 762 906 763
f 762 901 900
f 762 900 907
f 763 906 908
f 763 908 764
f 764 909 765
f 764 908 909
f 765 909 766
f 766 910 911
f 766 911 767
f 766 909 910
f 767 770 768
f 767 911 912
f 767 912 913
f 767 913 770
f 770 913 771
f 771 914 915
f 771 915 791
f 771 913 914
f 774 775 916
f 774 916 917
f 774 917 918
f 774 918 919
f 774 919 783
f 775 781 920
f 775 920 916
f 777 808 921
f 777 921 922
f 777 922 778
f 778 922 923
f 778 923 924
f 778 924 925
f 778 925 926
f 778 926 779
f 779 926 780
f 780 926 781
f 781 926 920
f 782 784 785
f 783 919 927
f 783 927 928
f 783 928 784
f 784 928 785
f 785 928 929
f 785 929 789
f 785 789 786
f 788 930 790
f 789 929 931
f 789 931 930
f 790 932 809
f 790 930 932
f 791 915 792
f 792 915 793
f 793 933 934
f 793 934 796
f 793 915 933
f 794 795 935
f 794 935 803
f 794 803 802
f 795 800 935
f 796 913 798
f 796 934 933
f 796 933 915
f 796 915 913
f 798 913 936
f 798 936 799
f 799 936 800
f 800 937 938
f 800 938 939
f 800 939 935
f 800 936 937
f 801 940 941
f 801 941 804
f 801 803 940
f 803 935 942
f 803 942 943
f 803 943 1078
f 803 1078 944
f 803 944 940
f 804 941 945
f 804 945 805
f 805 945 946
f 805 946 947
f 805 947 948
f 805 948 806
f 806 949 950
f 806 950 921
f 806 921 808
f 806 808 807
f 806 948 951
f 806 951 949
f 809 952 810
f 809 932 931
f 809 931 952
f 810 931 953
f 810 953 954
f 810 954 811
f 810 952 931
f 811 954 814
f 811 814 813
f 812 814 817
f 814 954 955
f 814 955 956
f 814 956 817
f 815 957 958
f 815 958 959
f 815 959 816
f 815 817 960
f 815 960 957
f 816 959 961
f 816 961 962
f 816 962 963
f 816 963 818
f 817 956 960
f 823 830 964
f 823 964 824
f 824 964 965
f 824 965 966
f 824 966 825
f 825 966 967
f 825 967 968
f 825 968 969
f 825 969 970
f 825 970 826
f 826 970 971
f 826 971 836
f 829 972 973
f 829 973 974
f 829 974 830
f 829 835 972
f 830 974 975
f 830 975 964
f 836 971 837
f 837 976 839
f 837 839 838
f 837 971 976
f 839 976 977
f 839 977 968
f 839 968 978
f 839 978 979
f 839 979 980
f 839 980 981
f 839 981 840
f 840 981 841
f 841 981 982
f 841 982 843
f 842 844 983
f 842 983 850
f 842 850 847
f 842 847 845
f 843 982 984
f 843 984 844
f 844 851 983
f 844 984 985
f 844 985 852
f 845 847 846
f 850 983 851
f 852 985 853
f 853 985 986
f 853 986 854
f 854 986 987
f 854 987 988
f 854 988 989
f 854 989 990
f 854 990 855
f 855 990 856
f 856 990 991
f 856 991 992
f 856 992 870
f 857 993 994
f 857 994 862
f 857 861 993
f 858 870 995
f 858 995 996
f 858 996 859
f 859 996 860
f 860 997 861
f 860 996 998
f 860 998 997
f 861 997 999
f 861 999 993
f 862 1000 1001
f 862 1001 878
f 862 878 863
f 862 994 999
f 862 999 1002
f 862 1002 1000
f 863 878 864
f 864 878 881
f 864 881 1003
f 864 1003 865
f 865 1003 881
f 865 881 866
f 870 992 1004
f 870 1004 1005
f 870 1005 995
f 871 877 878
f 871 878 872
f 872 878 1006
f 872 1006 1007
f 872 1007 1008
f 872 1008 1009
f 872 1009 874
f 872 874 1010
f 872 1010 873
f 873 1010 874
f 874 1009 1011
f 874 1011 1012
f 874 1012 875
f 875 1012 879
f 876 878 877
f 878 1001 1013
f 878 1013 1014
f 878 1014 1015
f 878 1015 1007
f 878 1007 1006
f 879 1012 880
f 880 1012 899
f 882 883 895
f 882 895 1016
f 882 1016 884
f 883 896 895
f 884 1016 886
f 886 1016 895
f 886 895 887
f 887 1017 888
f 887 895 1018
f 887 1018 1019
f 887 1019 1020
f 887 1020 1017
f 890 892 891
f 890 891 1021
f 890 1021 1022
f 890 1022 1023
f 890 1023 893
f 891 898 1021
f 893 1023 1024
f 893 1024 1025
f 893 1025 1026
f 893 1026 1027
f 893 1027 1028
f 893 1028 894
f 894 1028 1019
f 894 1019 895
f 895 1019 1018
f 897 1029 898
f 897 899 1024
f 897 1024 1030
f 897 1030 1029
f 898 1029 1021
f 899 1012 1031
f 899 1031 1026
f 899 1026 1024
f 903 1032 1033
f 903 1033 1034
f 903 1034 904
f 904 1035 1036
f 904 1036 1037
f 904 1037 905
f 904 1034 1033
f 904 1033 1038
f 904 1038 1035
f 905 1037 1039
f 905 1039 906
f 906 1039 908
f 908 1039 1040
f 908 1040 909
f 909 1041 1042
f 909 1042 1043
f 909 1043 1044
f 909 1044 910
f 909 1040 1041
f 910 1044 1045
f 910 1045 911
f 911 1045 912
f 912 1045 1046
f 912 1046 1047
f 912 1047 913
f 913 1047 1048
f 913 1048 936
f 913 915 914
f 916 920 1049
f 916 1049 918
f 916 918 917
f 918 1049 919
f 919 1049 1050
f 919 1050 1051
f 919 1051 1052
f 919 1052 1053
f 919 1053 927
f 920 926 1049
f 921 1054 922
f 921 950 1055
f 921 1055 1054
f 922 1056 1057
f 922 1057 923
f 922 1054 1056
f 923 1057 1058
f 923 1058 1059
f 923 1059 1060
f 923 1060 1061
f 923 1061 1062
f 923 1062 1063
f 923 1063 1064
f 923 1064 924
f 924 1064 1065
f 924 1065 1066
f 924 1066 925
f 925 1066 926
f 926 1066 1067
f 926 1067 1052
f 926 1052 1051
f 926 1051 1050
f 926 1050 1049
f 927 1053 928
f 928 1053 1068
f 928 1068 929
f 929 953 931
f 929 1068 953
f 930 931 1069
f 930 1069 932
f 931 932 1069
f 935 939 942
f 936 1048 1070
f 936 1070 937
f 937 1071 1072
f 937 1072 938
f 937 1070 1073
f 937 1073 1074
f 937 1074 1071
f 938 1075 939
f 938 1072 1076
f 938 1076 1075
f 939 943 942
f 939 1075 1077
f 939 1077 943
f 940 944 1078
f 940 1078 946
f 940 946 941
f 941 946 945
f 943 1077 1078
f 946 1078 1079
f 946 1079 947
f 947 1079 1078
f 947 1078 1080
f 947 1080 948
f 948 949 951
f 948 1080 1078
f 948 1078 1077
f 948 1077 949
f 949 1077 950
f 950 1081 1082
f 950 1082 1055
f 950 1077 1081
f 953 1068 954
f 954 956 955
f 954 1068 1083
f 954 1083 1084
f 954 1084 956
f 956 1084 1085
f 956 1085 1086
f 956 1086 1087
f 956 1087 960
f 957 960 1088
f 959 962 961
f 960 1087 1089
f 960 1089 1088
f 964 975 1090
f 964 1090 1091
f 964 1091 965
f 965 1092 966
f 965 1091 1092
f 966 1092 1093
f 966 1093 968
f 966 968 967
f 968 1093 1094
f 968 1094 978
f 968 977 1095
f 968 1095 1096
f 968 1096 969
f 969 1096 970
f 970 1096 971
f 971 1095 977
f 971 977 976
f 971 1096 1095
f 972 1097 973
f 973 1097 974
f 974 1097 1098
f 974 1098 975
f 975 1098 1090
f 978 1094 979
f 979 1099 1100
f 979 1100 980
f 979 1094 1101
f 979 1101 1099
f 980 1100 1102
f 980 1102 981
f 981 1102 1103
f 981 1103 1104
f 981 1104 1105
f 981 1105 982
f 982 1105 1106
f 982 1106 1107
f 982 1107 1108
f 982 1108 987
f 982 987 984
f 984 987 985
f 985 987 986
f 987 1108 988
f 988 1108 1109
f 988 1109 989
f 989 1109 1110
f 989 1110 990
f 990 1110 1111
f 990 1111 1112
f 990 1112 991
f 991 1004 992
f 991 1112 1113
f 991 1113 1004
f 993 999 994
f 995 1114 1115
f 995 1115 996
f 995 1005 1004
f 995 1004 1116
f 995 1116 1114
f 996 1115 1114
f 996 1114 1117
f 996 1117 1118
f 996 1118 998
f 997 1119 1120
f 997 1120 999
f 997 998 1119
f 998 1118 1121
f 998 1121 1120
f 998 1120 1119
f 999 1120 1002
f 1000 1122 1135
f 1000 1135 1013
f 1000 1013 1001
f 1000 1002 1123
f 1000 1123 1124
f 1000 1124 1125
f 1000 1125 1122
f 1002 1120 1121
f 1002 1121 1123
f 1004 1113 1126
f 1004 1126 1127
f 1004 1127 1128
f 1004 1128 1129
f 1004 1129 1116
f 1007 1015 1130
f 1007 1130 1008
f 1008 1130 1131
f 1008 1131 1009
f 1009 1131 1132
f 1009 1132 1011
f 1011 1133 1134
f 1011 1134 1012
f 1011 1132 1133
f 1012 1134 1031
f 1013 1135 1136
f 1013 1136 1137
f 1013 1137 1014
f 1014 1137 1138
f 1014 1138 1139
f 1014 1139 1015
f 1015 1139 1131
f 1015 1131 1130
f 1017 1020 1140
f 1019 1028 1031
f 1019 1031 1141
f 1019 1141 1020
f 1020 1141 1140
f 1021 1029 1030
f 1021 1030 1022
f 1022 1030 1023
f 1023 1030 1024
f 1024 1026 1025
f 1026 1028 1027
f 1026 1031 1028
f 1031 1134 1141
f 1032 1142 1038
f 1032 1038 1033
f 1035 1038 1143
f 1035 1143 1036
f 1036 1144 1037
f 1036 1143 1144
f 1037 1144 1039
f 1038 1142 1143
f 1039 1144 1145
f 1039 1145 1146
f 1039 1146 1040
f 1040 1146 1041
f 1041 1147 1148
f 1041 1148 1149
f 1041 1149 1042
f 1041 1146 1147
f 1042 1149 1043
f 1043 1150 1151
f 1043 1151 1044
f 1043 1149 1148
f 1043 1148 1150
f 1044 1151 1046
f 1044 1046 1045
f 1046 1152 1153
f 1046 1153 1048
f 1046 1048 1047
f 1046 1151 1154
f 1046 1154 1155
f 1046 1155 1156
f 1046 1156 1152
f 1048 1153 1070
f 1052 1067 1053
f 1053 1067 1068
f 1054 1055 1157
f 1054 1157 1158
f 1054 1158 1056
f 1055 1082 1159
f 1055 1159 1157
f 1056 1160 1285
f 1056 1285 1161
f 1056 1161 1162
f 1056 1162 1057
f 1056 1158 1163
f 1056 1163 1160
f 1057 1162 1164
f 1057 1164 1165
f 1057 1165 1166
f 1057 1166 1167
f 1057 1167 1168
f 1057 1168 1058
f 1058 1168 1169
f 1058 1169 1060
f 1058 1060 1059
f 1060 1169 1170
f 1060 1170 1171
f 1060 1171 1172
f 1060 1172 1061
f 1061 1172 1062
f 1062 1172 1173
f 1062 1173 1063
f 1063 1173 1174
f 1063 1174 1175
f 1063 1175 1176
f 1063 1176 1177
f 1063 1177 1064
f 1064 1177 1065
f 1065 1177 1178
f 1065 1178 1067
f 1065 1067 1066
f 1067 1178 1068
f 1068 1178 1179
f 1068 1179 1083
f 1070 1153 1073
f 1071 1074 1180
f 1071 1180 1181
f 1071 1181 1182
f 1071 1182 1072
f 1072 1182 1183
f 1072 1183 1184
f 1072 1184 1076
f 1073 1185 1074
f 1073 1153 1185
f 1074 1185 1186
f 1074 1186 1187
f 1074 1187 1188
f 1074 1188 1189
f 1074 1189 1180
f 1075 1076 1190
f 1075 1190 1191
f 1075 1191 1192
f 1075 1192 1077
f 1076 1184 1193
f 1076 1193 1194
f 1076 1194 1190
f 1077 1192 1082
f 1077 1082 1081
f 1082 1195 1196
f 1082 1196 1159
f 1082 1192 1191
f 1082 1191 1190
f 1082 1190 1195
f 1083 1197 1084
f 1083 1179 1197
f 1084 1197 1198
f 1084 1198 1199
f 1084 1199 1200
f 1084 1200 1201
f 1084 1201 1085
f 1085 1201 1086
f 1086 1201 1087
f 1087 1201 1202
f 1087 1202 1203
f 1087 1203 1204
f 1087 1204 1089
f 1088 1089 1205
f 1088 1205 1206
f 1089 1204 1207
f 1089 1207 1205
f 1090 1208 1091
f 1090 1098 1208
f 1091 1208 1209
f 1091 1209 1094
f 1091 1094 1092
f 1092 1094 1093
f 1094 1209 1210
f 1094 1210 1211
f 1094 1211 1101
f 1099 1212 1213
f 1099 1213 1100
f 1100 1213 1214
f 1100 1214 1102
f 1102 1214 1215
f 1102 1215 1216
f 1102 1216 1217
f 1102 1217 1218
f 1102 1218 1219
f 1102 1219 1103
f 1103 1219 1220
f 1103 1220 1221
f 1103 1221 1222
f 1103 1222 1223
f 1103 1223 1224
f 1103 1224 1225
f 1103 1225 1226
f 1103 1226 1227
f 1103 1227 1104
f 1104 1228 1229
f 1104 1229 1105
f 1104 1227 1230
f 1104 1230 1228
f 1105 1229 1231
f 1105 1231 1232
f 1105 1232 1106
f 1106 1233 1107
f 1106 1232 1234
f 1106 1234 1233
f 1107 1233 1235
f 1107 1235 1108
f 1108 1235 1236
f 1108 1236 1237
f 1108 1237 1109
f 1109 1237 1111
f 1109 1111 1110
f 1111 1237 1236
f 1111 1236 1238
f 1111 1238 1112
f 1112 1238 1234
f 1112 1234 1239
f 1112 1239 1126
f 1112 1126 1113
f 1114 1116 1129
f 1114 1129 1240
f 1114 1240 1117
f 1117 1240 1241
f 1117 1241 1242
f 1117 1242 1243
f 1117 1243 1244
f 1117 1244 1245
f 1117 1245 1118
f 1118 1245 1246
f 1118 1246 1124
f 1118 1124 1247
f 1118 1247 1121
f 1121 1247 1123
f 1122 1248 1249
f 1122 1249 1250
f 1122 1250 1135
f 1122 1125 1251
f 1122 1251 1248
f 1123 1247 1124
f 1124 1246 1125
f 1125 1246 1252
f 1125 1252 1251
f 1126 1239 1253
f 1126 1253 1254
f 1126 1254 1255
f 1126 1255 1256
f 1126 1256 1257
f 1126 1257 1127
f 1127 1257 1129
f 1127 1129 1128
f 1129 1257 1240
f 1131 1139 1134
f 1131 1134 1132
f 1132 1134 1133
f 1134 1258 1141
f 1134 1139 1258
f 1135 1250 1249
f 1135 1249 1259
f 1135 1259 1260
f 1135 1260 1261
f 1135 1261 1262
f 1135 1262 1263
f 1135 1263 1136
f 1136 1263 1264
f 1136 1264 1265
f 1136 1265 1137
f 1137 1265 1266
f 1137 1266 1267
f 1137 1267 1139
f 1137 1139 1138
f 1139 1267 1258
f 1140 1141 1268
f 1141 1269 1270
f 1141 1270 1271
f 1141 1271 1268
f 1141 1258 1269
f 1143 1272 1153
f 1143 1153 1273
f 1143 1273 1144
f 1144 1273 1156
f 1144 1156 1145
f 1145 1156 1274
f 1145 1274 1146
f 1146 1274 1275
f 1146 1275 1147
f 1147 1156 1155
f 1147 1155 1150
f 1147 1150 1148
f 1147 1275 1274
f 1147 1274 1156
f 1150 1155 1154
f 1150 1154 1151
f 1152 1156 1273
f 1152 1273 1153
f 1153 1276 1277
f 1153 1277 1186
f 1153 1186 1185
f 1153 1272 1278
f 1153 1278 1279
f 1153 1279 1276
f 1157 1159 1280
f 1157 1280 1158
f 1158 1280 1281
f 1158 1281 1163
f 1159 1196 1282
f 1159 1282 1193
f 1159 1193 1283
f 1159 1283 1280
f 1160 1284 1285
f 1160 1163 1284
f 1161 1286 1162
f 1161 1285 1287
f 1161 1287 1286
f 1162 1288 1289
f 1162 1289 1164
f 1162 1286 1288
f 1163 1281 1290
f 1163 1290 1291
f 1163 1291 1284
f 1164 1292 1293
f 1164 1293 1165
f 1164 1289 1292
f 1165 1293 1294
f 1165 1294 1166
f 1166 1294 1167
f 1167 1294 1295
f 1167 1295 1170
f 1167 1170 1168
f 1168 1170 1169
f 1170 1295 1296
f 1170 1296 1297
f 1170 1297 1298
f 1170 1298 1172
f 1170 1172 1171
f 1172 1299 1173
f 1172 1298 1300
f 1172 1300 1301
f 1172 1301 1302
f 1172 1302 1303
f 1172 1303 1175
f 1172 1175 1299
f 1173 1299 1174
f 1174 1299 1175
f 1175 1303 1304
f 1175 1304 1179
f 1175 1179 1305
f 1175 1305 1176
f 1176 1305 1177
f 1177 1305 1178
f 1178 1305 1179
f 1179 1306 1197
f 1179 1304 1306
f 1180 1189 1181
f 1181 1189 1307
f 1181 1307 1308
f 1181 1308 1309
f 1181 1309 1182
f 1182 1309 1183
f 1183 1310 1311
f 1183 1311 1312
f 1183 1312 1184
f 1183 1309 1308
f 1183 1308 1313
f 1183 1313 1314
f 1183 1314 1315
f 1183 1315 1316
f 1183 1316 1317
f 1183 1317 1310
f 1184 1312 1283
f 1184 1283 1193
f 1186 1277 1187
f 1187 1277 1318
f 1187 1318 1319
f 1187 1319 1320
f 1187 1320 1315
f 1187 1315 1321
f 1187 1321 1188
f 1188 1321 1322
f 1188 1322 1189
f 1189 1322 1323
f 1189 1323 1307
f 1190 1194 1324
f 1190 1324 1195
f 1193 1282 1325
f 1193 1325 1194
f 1194 1325 1324
f 1195 1324 1196
f 1196 1324 1325
f 1196 1325 1282
f 1197 1326 1198
f 1197 1306 1327
f 1197 1327 1328
f 1197 1328 1329
f 1197 1329 1330
f 1197 1330 1326
f 1198 1326 1199
f 1199 1331 1332
f 1199 1333 1201
f 1199 1201 1200
f 1199 1326 1331
f 1201 1203 1202
f 1201 1333 1334
f 1201 1334 1335
f 1201 1335 1336
f 1201 1336 1203
f 1203 1336 1204
f 1204 1336 1337
f 1204 1337 1207
f 1205 1207 1206
f 1207 1337 1336
f 1212 1338 1213
f 1213 1338 1214
f 1214 1338 1339
f 1214 1339 1216
f 1214 1216 1215
f 1216 1340 1341
f 1216 1341 1217
f 1216 1339 1340
f 1217 1342 1218
f 1218 1342 1343
f 1218 1343 1344
f 1218 1344 1219
f 1219 1344 1345
f 1219 1345 1220
f 1220 1345 1346
f 1220 1346 1443
f 1220 1443 1347
f 1220 1347 1348
f 1220 1348 1221
f 1221 1348 1349
f 1221 1349 1222
f 1222 1349 1223
f 1223 1349 1350
f 1223 1350 1253
f 1223 1253 1351
f 1223 1351 1226
f 1223 1226 1224
f 1224 1226 1225
f 1226 1351 1227
f 1227 1351 1230
f 1228 1230 1351
f 1228 1351 1229
f 1229 1351 1231
f 1231 1351 1234
f 1231 1234 1232
f 1233 1234 1235
f 1234 1351 1239
f 1234 1238 1235
f 1235 1238 1236
f 1239 1351 1253
f 1240 1257 1256
f 1240 1256 1241
f 1241 1256 1255
f 1241 1255 1352
f 1241 1352 1353
f 1241 1353 1242
f 1242 1353 1354
f 1242 1354 1355
f 1242 1355 1356
f 1242 1356 1357
f 1242 1357 1243
f 1243 1357 1358
f 1243 1358 1359
f 1243 1359 1244
f 1244 1359 1245
f 1245 1359 1360
f 1245 1360 1246
f 1246 1361 1362
f 1246 1362 1252
f 1246 1360 1361
f 1248 1251 1249
f 1249 1363 1364
f 1249 1364 1259
f 1249 1251 1363
f 1251 1252 1365
f 1251 1365 1366
f 1251 1366 1363
f 1252 1362 1367
f 1252 1367 1365
f 1253 1350 1254
f 1254 1350 1368
f 1254 1368 1369
f 1254 1369 1370
f 1254 1370 1371
f 1254 1371 1255
f 1255 1371 1372
f 1255 1372 1373
f 1255 1373 1352
f 1258 1265 1269
f 1258 1267 1265
f 1259 1364 1374
f 1259 1374 1260
f 1260 1374 1364
f 1260 1364 1375
f 1260 1375 1366
f 1260 1366 1365
f 1260 1365 1367
f 1260 1367 1362
f 1260 1362 1376
f 1260 1376 1377
f 1260 1377 1378
f 1265 1267 1266
f 1276 1279 1277
f 1277 1379 1318
f 1277 1279 1379
f 1278 1380 1279
f 1279 1380 1381
f 1279 1381 1382
f 1279 1382 1383
f 1279 1383 1384
f 1279 1384 1385
f 1279 1385 1379
f 1280 1283 1312
f 1280 1312 1281
f 1281 1312 1386
f 1281 1386 1387
f 1281 1387 1290
f 1284 1388 1389
f 1284 1389 1285
f 1284 1291 1390
f 1284 1390 1388
f 1285 1389 1391
f 1285 1391 1287
f 1286 1287 1288
f 1287 1391 1388
f 1287 1388 1392
f 1287 1392 1288
f 1288 1393 1394
f 1288 1394 1395
f 1288 1395 1289
f 1288 1392 1396
f 1288 1396 1397
f 1288 1397 1393
f 1289 1395 1292
f 1290 1387 1398
f 1290 1398 1291
f 1291 1398 1399
f 1291 1399 1390
f 1292 1395 1400
f 1292 1400 1401
f 1292 1401 1293
f 1293 1401 1402
f 1293 1402 1403
f 1293 1403 1404
f 1293 1404 1294
f 1294 1404 1295
f 1295 1404 1403
f 1295 1403 1296
f 1296 1403 1402
f 1296 1402 1405
f 1296 1405 1406
f 1296 1406 1395
f 1296 1395 1407
f 1296 1407 1408
f 1296 1408 1297
f 1297 1409 1298
f 1297 1408 1410
f 1297 1410 1411
f 1297 1411 1412
f 1297 1412 1409
f 1298 1413 1414
f 1298 1414 1300
f 1298 1409 1415
f 1298 1415 1413
f 1300 1414 1416
f 1300 1416 1417
f 1300 1417 1302
f 1300 1302 1301
f 1302 1417 1328
f 1302 1328 1327
f 1302 1327 1304
f 1302 1304 1303
f 1304 1327 1306
f 1307 1323 1313
f 1307 1313 1308
f 1310 1418 1419
f 1310 1419 1420
f 1310 1420 1311
f 1310 1317 1418
f 1311 1420 1421
f 1311 1421 1387
f 1311 1387 1312
f 1312 1387 1386
f 1313 1323 1322
f 1313 1322 1314
f 1314 1322 1422
f 1314 1422 1315
f 1315 1422 1322
f 1315 1322 1321
f 1315 1320 1316
f 1316 1320 1423
f 1316 1423 1424
f 1316 1424 1317
f 1317 1424 1425
f 1317 1425 1426
f 1317 1426 1418
f 1318 1379 1319
f 1319 1379 1384
f 1319 1384 1320
f 1320 1427 1428
f 1320 1428 1423
f 1320 1384 1383
f 1320 1383 1427
f 1326 1330 1331
f 1328 1417 1416
f 1328 1416 1329
f 1329 1416 1429
f 1329 1429 1330
f 1330 1429 1331
f 1331 1429 1416
f 1331 1416 1414
f 1331 1414 1430
f 1331 1430 1431
f 1331 1431 1432
f 1331 1432 1332
f 1342 1433 1343
f 1343 1433 1434
f 1343 1434 1435
f 1343 1435 1436
f 1343 1436 1437
f 1343 1437 1344
f 1344 1437 1527
f 1344 1527 1438
f 1344 1438 1439
f 1344 1439 1440
f 1344 1440 1441
f 1344 1441 1345
f 1345 1441 1346
f 1346 1441 1442
f 1346 1442 1443
f 1347 1443 1444
f 1347 1444 1445
f 1347 1445 1348
f 1348 1350 1349
f 1348 1445 1535
f 1348 1535 1446
f 1348 1446 1447
f 1348 1447 1350
f 1350 1447 1368
f 1352 1373 1448
f 1352 1448 1449
f 1352 1449 1450
f 1352 1450 1353
f 1353 1355 1354
f 1353 1450 1355
f 1355 1450 1356
f 1356 1450 1451
f 1356 1451 1472
f 1356 1472 1452
f 1356 1452 1453
f 1356 1453 1358
f 1356 1358 1357
f 1358 1453 1454
f 1358 1454 1359
f 1359 1455 1360
f 1359 1454 1456
f 1359 1456 1457
f 1359 1457 1455
f 1360 1458 1459
f 1360 1459 1460
f 1360 1460 1361
f 1360 1455 1461
f 1360 1461 1458
f 1361 1462 1463
f 1361 1463 1362
f 1361 1460 1464
f 1361 1464 1462
f 1362 1463 1465
f 1362 1465 1376
f 1363 1366 1375
f 1363 1375 1364
f 1368 1447 1446
f 1368 1446 1466
f 1368 1466 1467
f 1368 1467 1369
f 1369 1467 1468
f 1369 1468 1469
f 1369 1469 1470
f 1369 1470 1370
f 1370 1470 1371
f 1371 1470 1372
f 1372 1470 1471
f 1372 1471 1472
f 1372 1472 1448
f 1372 1448 1373
f 1376 1465 1473
f 1376 1473 1377
f 1377 1473 1474
f 1377 1474 1475
f 1377 1475 1378
f 1379 1385 1384
f 1381 1476 1382
f 1382 1476 1477
f 1382 1477 1478
f 1382 1478 1383
f 1383 1479 1427
f 1383 1478 1479
f 1387 1421 1480
f 1387 1480 1481
f 1387 1481 1398
f 1388 1391 1389
f 1388 1390 1399
f 1388 1399 1482
f 1388 1482 1392
f 1392 1482 1483
f 1392 1483 1480
f 1392 1480 1484
f 1392 1484 1485
f 1392 1485 1486
f 1392 1486 1396
f 1393 1397 1487
f 1393 1487 1488
f 1393 1488 1408
f 1393 1408 1394
f 1394 1408 1407
f 1394 1407 1395
f 1395 1406 1405
f 1395 1405 1401
f 1395 1401 1400
f 1396 1489 1490
f 1396 1490 1491
f 1396 1491 1397
f 1396 1486 1492
f 1396 1492 1489
f 1397 1493 1494
f 1397 1494 1495
f 1397 1495 1487
f 1397 1491 1493
f 1398 1481 1496
f 1398 1496 1482
f 1398 1482 1399
f 1401 1405 1402
f 1408 1488 1410
f 1409 1412 1497
f 1409 1497 1498
f 1409 1498 1499
f 1409 1499 1500
f 1409 1500 1501
f 1409 1501 1415
f 1410 1497 1411
f 1410 1488 1502
f 1410 1502 1498
f 1410 1498 1497
f 1411 1497 1412
f 1413 1415 1414
f 1414 1415 1430
f 1415 1501 1431
f 1415 1431 1430
f 1418 1503 1504
f 1418 1504 1419
f 1418 1426 1505
f 1418 1505 1503
f 1419 1504 1503
f 1419 1503 1420
f 1420 1503 1506
f 1420 1506 1507
f 1420 1507 1508
f 1420 1508 1509
f 1420 1509 1510
f 1420 1510 1421
f 1421 1510 1480
f 1423 1428 1511
f 1423 1511 1512
f 1423 1512 1424
f 1424 1512 1513
f 1424 1513 1425
f 1425 1513 1514
f 1425 1514 1426
f 1426 1514 1513
f 1426 1513 1505
f 1427 1479 1515
f 1427 1515 1428
f 1428 1516 1517
f 1428 1517 1511
f 1428 1515 1516
f 1431 1501 1432
f 1433 1518 1434
f 1434 1518 1519
f 1434 1519 1520
f 1434 1520 1521
f 1434 1521 1435
f 1435 1521 1522
f 1435 1522 1523
f 1435 1523 1524
f 1435 1524 1525
f 1435 1525 1526
f 1435 1526 1436
f 1436 1527 1437
f 1436 1526 1527
f 1438 1527 1528
f 1438 1528 1529
f 1438 1529 1439
f 1439 1529 1440
f 1440 1530 1531
f 1440 1531 1441
f 1440 1529 1528
f 1440 1528 1527
f 1440 1527 1532
f 1440 1532 1530
f 1441 1531 1533
f 1441 1533 1534
f 1441 1534 1442
f 1442 1534 1443
f 1443 1534 1444
f 1444 1534 1466
f 1444 1466 1446
f 1444 1446 1535
f 1444 1535 1445
f 1448 1472 1536
f 1448 1536 1449
f 1449 1536 1472
f 1449 1472 1537
f 1449 1537 1450
f 1450 1537 1472
f 1450 1472 1451
f 1452 1472 1454
f 1452 1454 1453
f 1454 1472 1538
f 1454 1538 1539
f 1454 1539 1456
f 1455 1457 1461
f 1456 1539 1540
f 1456 1540 1457
f 1457 1540 1541
f 1457 1541 1461
f 1458 1461 1544
f 1458 1544 1459
f 1459 1542 1543
f 1459 1543 1464
f 1459 1464 1460
f 1459 1544 1542
f 1461 1541 1544
f 1462 1545 1463
f 1462 1464 1545
f 1463 1545 1465
f 1464 1543 1546
f 1464 1546 1545
f 1465 1545 1547
f 1465 1547 1473
f 1466 1534 1467
f 1467 1534 1468
f 1468 1534 1469
f 1469 1534 1531
f 1469 1531 1538
f 1469 1538 1472
f 1469 1472 1471
f 1469 1471 1470
f 1473 1547 1546
f 1473 1546 1474
f 1474 1548 1475
f 1474 1546 1549
f 1474 1549 1548
f 1477 1550 1478
f 1478 1550 1551
f 1478 1551 1552
f 1478 1552 1479
f 1479 1553 1554
f 1479 1554 1515
f 1479 1552 1555
f 1479 1555 1553
f 1480 1510 1556
f 1480 1556 1557
f 1480 1557 1486
f 1480 1486 1485
f 1480 1485 1484
f 1480 1483 1481
f 1481 1483 1496
f 1482 1496 1483
f 1486 1557 1558
f 1486 1558 1492
f 1487 1559 1488
f 1487 1495 1560
f 1487 1560 1561
f 1487 1561 1562
f 1487 1562 1563
f 1487 1563 1564
f 1487 1564 1559
f 1488 1559 1502
f 1489 1492 1558
f 1489 1558 1490
f 1490 1558 1565
f 1490 1565 1566
f 1490 1566 1567
f 1490 1567 1491
f 1491 1567 1568
f 1491 1568 1493
f 1493 1568 1569
f 1493 1569 1570
f 1493 1570 1494
f 1494 1570 1571
f 1494 1571 1572
f 1494 1572 1573
f 1494 1573 1574
f 1494 1574 1495
f 1495 1574 1575
f 1495 1575 1576
f 1495 1576 1560
f 1498 1564 1577
f 1498 1501 1500
f 1498 1500 1499
f 1498 1502 1564
f 1502 1559 1564
f 1503 1505 1578
f 1503 1578 1506
f 1505 1513 1579
f 1505 1579 1578
f 1506 1578 1580
f 1506 1580 1507
f 1508 1581 1509
f 1509 1582 1510
f 1509 1581 1583
f 1509 1583 1584
f 1509 1584 1582
f 1510 1582 1556
f 1511 1517 1585
f 1511 1585 1586
f 1511 1586 1512
f 1512 1587 1513
f 1512 1586 1587
f 1513 1587 1579
f 1515 1554 1588
f 1515 1588 1589
f 1515 1589 1590
f 1515 1590 1591
f 1515 1591 1516
f 1516 1591 1517
f 1517 1592 1585
f 1517 1591 1593
f 1517 1593 1592
f 1518 1594 1519
f 1519 1522 1520
f 1519 1594 1595
f 1519 1595 1596
f 1519 1596 1522
f 1520 1522 1521
f 1522 1596 1597
f 1522 1597 1598
f 1522 1598 1523
f 1523 1598 1599
f 1523 1599 1600
f 1523 1600 1524
f 1524 1600 1601
f 1524 1601 1525
f 1525 1602 1603
f 1525 1603 1604
f 1525 1604 1526
f 1525 1601 1605
f 1525 1605 1602
f 1526 1604 1606
f 1526 1606 1532
f 1526 1532 1527
f 1530 1606 1531
f 1530 1532 1606
f 1531 1606 1607
f 1531 1607 1608
f 1531 1608 1609
f 1531 1609 1610
f 1531 1610 1538
f 1531 1534 1533
f 1538 1610 1539
f 1539 1611 1540
f 1539 1610 1612
f 1539 1612 1611
f 1540 1611 1544
f 1540 1544 1541
f 1542 1544 1613
f 1542 1613 1614
f 1542 1614 1543
f 1543 1614 1615
f 1543 1615 1616
f 1543 1616 1546
f 1544 1611 1613
f 1545 1546 1547
f 1546 1616 1549
f 1548 1549 1617
f 1548 1617 1618
f 1549 1619 1617
f 1549 1616 1615
f 1549 1615 1612
f 1549 1612 1619
f 1553 1588 1554
f 1556 1620 1557
f 1556 1582 1620
f 1557 1620 1582
f 1557 1582 1584
f 1557 1584 1558
f 1558 1584 1583
f 1558 1583 1565
f 1560 1576 1621
f 1560 1621 1561
f 1561 1622 1623
f 1561 1623 1624
f 1561 1624 1625
f 1561 1625 1577
f 1561 1577 1563
f 1561 1563 1562
f 1561 1621 1576
f 1561 1576 1622
f 1563 1577 1564
f 1565 1583 1566
f 1566 1626 1567
f 1567 1626 1568
f 1573 1627 1574
f 1574 1627 1575
f 1575 1628 1622
f 1575 1622 1576
f 1575 1627 1629
f 1575 1629 1630
f 1575 1630 1628
f 1578 1579 1631
f 1578 1631 1632
f 1578 1632 1633
f 1578 1633 1580
f 1579 1587 1631
f 1585 1592 1634
f 1586 1635 1587
f 1587 1636 1637
f 1587 1637 1631
f 1587 1635 1636
f 1591 1638 1593
f 1592 1593 1638
f 1592 1638 1634
f 1594 1639 1595
f 1595 1639 1596
f 1596 1639 1640
f 1596 1640 1641
f 1596 1641 1642
f 1596 1642 1597
f 1597 1642 1598
f 1598 1642 1643
f 1598 1643 1599
f 1599 1643 1644
f 1599 1644 1645
f 1599 1645 1600
f 1600 1645 1646
f 1600 1646 1647
f 1600 1647 1648
f 1600 1648 1649
f 1600 1649 1650
f 1600 1650 1651
f 1600 1651 1601
f 1601 1651 1652
f 1601 1652 1605
f 1602 1605 1653
f 1602 1653 1654
f 1602 1654 1655
f 1602 1655 1656
f 1602 1656 1657
f 1602 1657 1603
f 1603 1657 1604
f 1604 1657 1607
f 1604 1607 1606
f 1605 1652 1658
f 1605 1658 1659
f 1605 1659 1660
f 1605 1660 1661
f 1605 1661 1662
f 1605 1662 1653
f 1607 1657 1608
f 1608 1657 1656
f 1608 1656 1609
f 1609 1656 1663
f 1609 1663 1664
f 1609 1664 1610
f 1610 1664 1665
f 1610 1665 1666
f 1610 1666 1612
f 1611 1612 1615
f 1611 1615 1614
f 1611 1614 1613
f 1612 1666 1619
f 1617 1619 1667
f 1617 1667 1618
f 1618 1667 1668
f 1618 1668 1669
f 1619 1666 1667
f 1622 1628 1670
f 1622 1670 1671
f 1622 1671 1672
f 1622 1672 1623
f 1623 1672 1624
f 1624 1672 1625
f 1627 1673 1629
f 1628 1630 1674
f 1628 1674 1670
f 1629 1673 1630
f 1630 1675 1670
f 1630 1670 1674
f 1631 1637 1676
f 1631 1676 1632
f 1640 1642 1641
f 1644 1677 1645
f 1645 1677 1678
f 1645 1678 1679
f 1645 1679 1646
f 1646 1679 1680
f 1646 1680 1647
f 1647 1680 1648
f 1648 1681 1649
f 1648 1680 1682
f 1648 1682 1681
f 1649 1681 1650
f 1650 1683 1651
f 1651 1683 1652
f 1652 1683 1684
f 1652 1684 1658
f 1653 1662 1654
f 1654 1685 1655
f 1654 1662 1686
f 1654 1686 1687
f 1654 1687 1685
f 1655 1685 1688
f 1655 1688 1689
f 1655 1689 1664
f 1655 1664 1663
f 1655 1663 1656
f 1658 1684 1690
f 1658 1690 1691
f 1658 1691 1692
f 1658 1692 1693
f 1658 1693 1659
f 1659 1693 1660
f 1660 1693 1694
f 1660 1694 1695
f 1660 1695 1661
f 1661 1695 1696
f 1661 1696 1697
f 1661 1697 1662
f 1662 1698 1686
f 1662 1697 1699
f 1662 1699 1698
f 1664 1689 1700
f 1664 1700 1701
f 1664 1701 1665
f 1665 1701 1702
f 1665 1702 1666
f 1666 1702 1667
f 1667 1702 1701
f 1667 1701 1668
f 1668 1701 1688
f 1668 1688 1687
f 1668 1687 1669
f 1669 1687 1703
f 1683 1691 1690
f 1683 1690 1684
f 1685 1687 1688
f 1686 1698 1687
f 1687 1698 1703
f 1688 1701 1689
f 1689 1701 1700
f 1691 1704 1705
f 1691 1705 1706
f 1691 1706 1692
f 1692 1706 1705
f 1692 1705 1707
f 1692 1707 1694
f 1692 1694 1693
f 1694 1707 1708
f 1694 1708 1695
f 1695 1708 1696
f 1696 1709 1697
f 1696 1708 1707
f 1696 1707 1710
f 1697 1709 1699
f 1698 1699 1703
f 1699 1709 1703
f 1704 1710 1705
f 1705 1710 1707

