# https://github.com/mikedh/trimesh
v -0.06195850 -0.01047707 0.04160621
v -0.06004707 -0.01047707 0.04164581
v -0.05831821 -0.01253328 0.04185869
v -0.05990747 -0.01255593 0.04182899
v -0.06195850 -0.01226606 0.04178938
v -0.06385919 -0.01047707 0.04162602
v -0.06385919 -0.00857031 0.04172998
v -0.06179742 -0.00839367 0.04181908
v -0.06004707 -0.00878318 0.04183889
v -0.05814638 -0.01047707 0.04174483
v -0.05624570 -0.01210755 0.04188839
v -0.05624570 -0.01306319 0.04201711
v -0.05779202 -0.01326700 0.04199731
v -0.05905914 -0.01333041 0.04198246
v -0.05917726 -0.01333041 0.04198246
v -0.06045513 -0.01331229 0.04198741
v -0.06195850 -0.01322171 0.04201711
v -0.06385919 -0.01206678 0.04181414
v -0.06577060 -0.01173163 0.04189830
v -0.06577060 -0.01047707 0.04175473
v -0.06577060 -0.00857031 0.04177453
v -0.06385919 -0.00731574 0.04191810
v -0.06577060 -0.00728857 0.04192305
v -0.06233434 -0.00748332 0.04195275
v -0.06106721 -0.00763731 0.04198741
v -0.05814638 -0.00915456 0.04190325
v -0.05690074 -0.00940366 0.04195770
v -0.05625644 -0.01045442 0.04189334
v -0.05493563 -0.01107491 0.04194780
v -0.05493563 -0.01176333 0.04194780
v -0.05431280 -0.01238835 0.04209137
v -0.04290869 -0.01428152 0.04346763
v -0.04020263 -0.01516923 0.04390328
v -0.04145902 -0.01530057 0.04385377
v -0.04290869 -0.01539568 0.04379931
v -0.05433428 -0.01428152 0.04263593
v -0.05624570 -0.01428152 0.04252702
v -0.05831821 -0.01409130 0.04240821
v -0.06195850 -0.01428152 0.04264583
v -0.05990747 -0.01409130 0.04243296
v -0.06385919 -0.01302243 0.04208147
v -0.06577060 -0.01268274 0.04221018
v -0.06682296 -0.01148253 0.04196760
v -0.06715585 -0.01047707 0.04191810
v -0.06726324 -0.00857031 0.04190820
v -0.06697330 -0.00744709 0.04195770
v -0.06385919 -0.00636010 0.04213592
v -0.06577060 -0.00633745 0.04210622
v -0.06004707 -0.00783206 0.04203196
v -0.06179742 -0.00677678 0.04217553
v -0.05624570 -0.00666808 0.04270029
v -0.05814638 -0.00820345 0.04211612
v -0.05625644 -0.00868807 0.04217553
v -0.05433428 -0.00857031 0.04238345
v -0.05562288 -0.00980676 0.04201711
v -0.05431280 -0.01045442 0.04207652
v 0.01372528 -0.01614299 0.04935385
v 0.01372528 -0.01757872 0.04938355
v 0.01372528 -0.01853436 0.04996772
v -0.04090063 -0.01603882 0.04435378
v -0.04290869 -0.01634680 0.04440328
v -0.04480938 -0.01549079 0.04373991
v -0.04862149 -0.01565837 0.04362604
v -0.05052217 -0.01573084 0.04357159
v -0.05243359 -0.01578519 0.04352703
v -0.05433428 -0.01582595 0.04347753
v -0.05624570 -0.01583501 0.04344782
v -0.06004707 -0.01573537 0.04349238
v -0.06195850 -0.01563120 0.04356664
v -0.06385919 -0.01428152 0.04282900
v -0.05814638 -0.01580330 0.04346268
v -0.06584577 -0.01444457 0.04324980
v -0.06767129 -0.01406865 0.04335871
v -0.06957198 -0.01237929 0.04288346
v -0.06754243 -0.01222077 0.04237850
v -0.07148340 -0.01047707 0.04267059
v -0.06957198 -0.01047707 0.04229929
v -0.07148340 -0.00857031 0.04250722
v -0.06957198 -0.00857031 0.04221018
v -0.07148340 -0.00666808 0.04271514
v -0.06957198 -0.00666808 0.04243296
v -0.06762834 -0.00675413 0.04215572
v -0.06385919 -0.00476132 0.04259633
v -0.06577060 -0.00476132 0.04251711
v -0.06767129 -0.00476132 0.04259137
v -0.05624570 -0.00476132 0.04334881
v -0.05433428 -0.00666808 0.04289336
v -0.06195850 -0.00476132 0.04277455
v 0.01372528 -0.01515111 0.04957167
v 0.01372528 -0.01961229 0.05092318
v -0.01243330 -0.02180438 0.05074496
v -0.01433399 -0.02081250 0.04971524
v -0.02147498 -0.01899633 0.04773007
v -0.04100801 -0.01763307 0.04541320
v -0.04480938 -0.01644191 0.04434882
v -0.04671006 -0.01652796 0.04430427
v -0.04862149 -0.01660949 0.04425972
v -0.05052217 -0.01668195 0.04422011
v -0.05433428 -0.01677706 0.04417061
v -0.05243359 -0.01673630 0.04418546
v -0.05624570 -0.01679065 0.04417556
v -0.06004707 -0.01668648 0.04428942
v -0.05814638 -0.01675442 0.04421516
v -0.06195850 -0.01658231 0.04439833
v -0.06385919 -0.01548174 0.04368545
v -0.06526590 -0.01534586 0.04379931
v -0.06654377 -0.01519187 0.04392803
v -0.06767129 -0.01501977 0.04407160
v -0.06957198 -0.01372444 0.04360624
v -0.07080688 -0.01346175 0.04379436
v -0.07145118 -0.01244723 0.04342802
v -0.07338408 -0.01181768 0.04365575
v -0.07450087 -0.01151876 0.04382902
v -0.07338408 -0.01047707 0.04315574
v -0.07656263 -0.00977052 0.04379436
v -0.07719619 -0.00848425 0.04370525
v -0.07831298 -0.00779583 0.04385377
v -0.07529551 -0.00857031 0.04326465
v -0.07338408 -0.00857031 0.04286861
v -0.07831298 -0.00711646 0.04385377
v -0.07529551 -0.00666808 0.04331416
v -0.07338408 -0.00666808 0.04299732
v -0.07338408 -0.00476132 0.04334881
v -0.06957198 -0.00476132 0.04281415
v -0.06577060 -0.00285457 0.04317554
v -0.06385919 -0.00285457 0.04327456
v -0.06767129 -0.00285457 0.04317059
v -0.06957198 -0.00285457 0.04331416
v -0.05624570 -0.00361546 0.04380427
v -0.05518261 -0.00376945 0.04387357
v -0.05446314 -0.00469339 0.04359634
v -0.06184037 -0.00268699 0.04353693
v -0.06113164 -0.00193968 0.04390328
v 0.01372528 -0.01493824 0.04967069
v 0.01372528 -0.02030524 0.05167567
v -0.01243330 -0.02275549 0.05161626
v -0.01387224 -0.02282343 0.05154695
v -0.01444137 -0.02207160 0.05082912
v -0.01624541 -0.02088497 0.04966078
v -0.04290869 -0.01977534 0.04706174
v -0.02275284 -0.01905521 0.04769046
v -0.04290869 -0.01866117 0.04611123
v -0.04290869 -0.01770553 0.04535874
v -0.04480938 -0.01777347 0.04530429
v -0.04671006 -0.01782782 0.04525478
v -0.05052217 -0.01789123 0.04517062
v -0.05243359 -0.01791387 0.04514092
v -0.05433428 -0.01790481 0.04512111
v -0.04862149 -0.01786405 0.04521517
v -0.05624570 -0.01786405 0.04513102
v -0.05814638 -0.01780517 0.04516567
v -0.06004707 -0.01771459 0.04524488
v -0.06195850 -0.01760136 0.04534884
v -0.06385919 -0.01746549 0.04548251
v -0.06385919 -0.01643285 0.04452705
v -0.06577060 -0.01727527 0.04566568
v -0.06584577 -0.01606146 0.04457160
v -0.06676927 -0.01715751 0.04577954
v -0.06957198 -0.01572178 0.04532409
v -0.06957198 -0.01467555 0.04437358
v -0.06751022 -0.01626527 0.04517062
v -0.07093575 -0.01543192 0.04559637
v -0.07150488 -0.01429058 0.04481913
v -0.07207400 -0.01312660 0.04403694
v -0.09185402 -0.00964824 0.04946276
v -0.09246610 -0.00867448 0.04904196
v -0.09390504 -0.00811287 0.04927464
v -0.07519886 -0.01043177 0.04364090
v -0.08417611 -0.00783206 0.04567558
v -0.07782976 -0.00906398 0.04400229
v -0.08100830 -0.00666808 0.04446269
v -0.08290898 -0.00666808 0.04498745
v -0.08718284 -0.00476132 0.04592311
v -0.08624861 -0.00344335 0.04569043
v -0.08290898 -0.00476132 0.04492804
v -0.07808748 -0.00584378 0.04389833
v -0.07735727 -0.00655485 0.04370525
v -0.07910761 -0.00476132 0.04423991
v -0.07735727 -0.00464809 0.04398248
v -0.07538141 -0.00464809 0.04367060
v -0.07607941 -0.00394155 0.04391317
v -0.07481229 -0.00358828 0.04381911
v -0.06577060 -0.00152754 0.04371515
v -0.06385919 -0.00162265 0.04376466
v -0.06767129 -0.00149583 0.04369535
v -0.06239877 -0.00177211 0.04383397
v -0.06957198 -0.00160000 0.04374486
v -0.07151561 -0.00274134 0.04361614
v -0.07090353 -0.00178569 0.04383397
v -0.06004707 -0.00095234 0.04453200
v -0.05624570 -0.00266434 0.04425476
v 0.01372528 -0.01233400 0.05094793
v 0.01372528 -0.01424076 0.04999742
v -0.06184037 -0.00106104 0.04423496
v 0.01372528 -0.02056340 0.05195785
v -0.01243330 -0.02358885 0.05256677
v 0.01372528 -0.03035535 0.06307682
v -0.01433399 -0.02462149 0.05359153
v -0.01444137 -0.02351186 0.05229449
v -0.01513936 -0.02286419 0.05150240
v -0.04290869 -0.02072645 0.04791323
v -0.04480938 -0.01982516 0.04701223
v -0.04671006 -0.01878346 0.04601717
v -0.04480938 -0.01872458 0.04606172
v -0.04862149 -0.01881970 0.04599242
v -0.05052217 -0.01884687 0.04597261
v -0.05243359 -0.01886499 0.04595776
v -0.05433428 -0.01885593 0.04597261
v -0.05624570 -0.01881970 0.04601717
v -0.05814638 -0.01876082 0.04608152
v -0.06004707 -0.01867023 0.04617064
v -0.06195850 -0.01855701 0.04628945
v -0.06385919 -0.01841660 0.04644291
v -0.06536255 -0.01917749 0.04755680
v -0.06662967 -0.01902350 0.04772511
v -0.06751022 -0.01776894 0.04667064
v -0.06803639 -0.01695370 0.04598251
v -0.06957198 -0.01667289 0.04628450
v -0.07090353 -0.01730244 0.04752709
v -0.09312114 -0.00938102 0.04979445
v -0.07217065 -0.01701711 0.04782907
v -0.09443121 -0.00860654 0.05044793
v -0.09518290 -0.00720252 0.04982911
v -0.09446343 -0.00660920 0.04909147
v -0.09244463 -0.00666808 0.04817561
v -0.08482041 -0.00656391 0.04556172
v -0.08623787 -0.00476132 0.04569043
v -0.08482041 -0.00476132 0.04535379
v -0.08863251 -0.00476132 0.04638351
v -0.08863251 -0.00285457 0.04645777
v -0.08681773 -0.00282739 0.04598746
v -0.08517477 -0.00217520 0.04588845
v -0.08464859 -0.00282739 0.04559637
v -0.08100830 -0.00476132 0.04456170
v -0.08290898 -0.00285457 0.04530923
v -0.07217065 -0.00203480 0.04393298
v -0.08100830 -0.00285457 0.04501220
v -0.07910761 -0.00285457 0.04472012
v -0.06577060 -0.00057189 0.04419536
v -0.06385919 -0.00067153 0.04421021
v -0.06767129 -0.00054019 0.04420526
v -0.06957198 -0.00064889 0.04428447
v -0.08389691 -0.00189439 0.04578944
v -0.06004707 0.00067361 0.04539835
v -0.05814638 -0.00095234 0.04482903
v 0.01372528 -0.01042272 0.05193805
v 0.01372528 -0.01109755 0.05158656
v -0.06195850 0.00085931 0.04525973
v 0.01372528 -0.03112077 0.06403228
v -0.01624541 -0.02809985 0.05781932
v -0.01624541 -0.02714874 0.05663119
v -0.01624541 -0.02466225 0.05353708
v -0.04480938 -0.02266944 0.04981425
v -0.04480938 -0.02171833 0.04881424
v -0.04480938 -0.02077627 0.04786373
v -0.04671006 -0.01985233 0.04697262
v -0.04671006 -0.02080345 0.04783897
v -0.04862149 -0.01986592 0.04694292
v -0.04862149 -0.02082156 0.04782413
v -0.05052217 -0.02082609 0.04782413
v -0.05243359 -0.01986139 0.04691322
v -0.05243359 -0.02081250 0.04783897
v -0.05433428 -0.01982063 0.04692807
v -0.05433428 -0.02077174 0.04789343
v -0.05624570 -0.01975722 0.04697262
v -0.05814638 -0.01968928 0.04703203
v -0.06004707 -0.01959870 0.04712114
v -0.06195850 -0.01948094 0.04723996
v -0.06385919 -0.01932696 0.04739838
v -0.06385919 -0.02028260 0.04848750
v -0.06493302 -0.02098008 0.04956672
v -0.06621088 -0.02082156 0.04977960
v -0.06767129 -0.01966211 0.04885879
v -0.06767129 -0.01886499 0.04790828
v -0.06957198 -0.01757419 0.04723501
v -0.07072098 -0.01912767 0.04950732
v -0.07145118 -0.01807692 0.04867067
v -0.06957198 -0.01852983 0.04828948
v -0.07513443 -0.01941754 0.05252716
v -0.07389952 -0.02076721 0.05377966
v -0.07526329 -0.02044112 0.05439848
v -0.09367953 -0.00973882 0.05106675
v -0.07199884 -0.01885140 0.04984396
v -0.07338408 -0.01929525 0.05118556
v -0.07439349 -0.01907332 0.05147764
v -0.09541914 -0.00783659 0.05109645
v -0.09555874 -0.00660920 0.05050238
v -0.09533324 -0.00593436 0.04956672
v -0.09447417 -0.00483832 0.04897266
v -0.09248758 -0.00491531 0.04786373
v -0.09188623 -0.00438541 0.04755680
v -0.09188623 -0.00326671 0.04755680
v -0.09248758 -0.00271869 0.04790333
v -0.09139227 -0.00199403 0.04772511
v -0.09012514 -0.00170870 0.04747758
v -0.08863251 -0.00135090 0.04720035
v -0.08675331 -0.00081646 0.04704688
v -0.06385919 0.00090007 0.04516567
v -0.06767129 0.00076420 0.04516072
v -0.06577060 0.00085025 0.04514587
v -0.06957198 0.00066908 0.04523498
v -0.07338408 0.00034752 0.04554686
v -0.07148340 0.00053321 0.04539340
v -0.07529551 0.00013012 0.04570528
v -0.08464859 -0.00113803 0.04642311
v -0.08290898 -0.00081646 0.04634390
v -0.07910761 -0.00033638 0.04602707
v -0.07628343 0.00001236 0.04578944
v -0.06004707 0.00162926 0.04597756
v -0.05814638 0.00040187 0.04555677
v 0.01372528 -0.00850237 0.05295786
v -0.06195850 0.00181042 0.04586370
v 0.01372528 -0.03207188 0.06542339
v 0.01234003 -0.03209906 0.06536894
v -0.01624541 -0.02883809 0.05877478
v -0.01433399 -0.02878828 0.05884904
v -0.04671006 -0.02446750 0.05191329
v -0.04480938 -0.02443127 0.05194300
v -0.04671006 -0.02351186 0.05072021
v -0.04480938 -0.02348015 0.05076971
v -0.04671006 -0.02271020 0.04976970
v -0.04671006 -0.02175909 0.04878949
v -0.04862149 -0.02178174 0.04877958
v -0.05052217 -0.02176815 0.04877463
v -0.04862149 -0.02273738 0.04973999
v -0.05052217 -0.02271926 0.04975980
v -0.05243359 -0.02171833 0.04879444
v -0.05243359 -0.02267397 0.04981920
v -0.05433428 -0.02165039 0.04884394
v -0.05624570 -0.02070833 0.04796274
v -0.05814638 -0.02064040 0.04805185
v -0.06004707 -0.02055434 0.04815581
v -0.06195850 -0.02043659 0.04829443
v -0.06385919 -0.02108425 0.04944296
v -0.06565248 -0.02146017 0.05047268
v -0.06385919 -0.02190855 0.05055684
v -0.06385919 -0.02272832 0.05172022
v -0.06767129 -0.02130165 0.05100734
v -0.06767129 -0.02061775 0.05005683
v -0.06957198 -0.01934507 0.04924494
v -0.06963640 -0.02038224 0.05062615
v -0.07031292 -0.02087591 0.05163111
v -0.07140823 -0.01961682 0.05051228
v -0.07330891 -0.02027807 0.05257667
v -0.07263240 -0.02102990 0.05328955
v -0.07330891 -0.02131071 0.05439848
v -0.07461899 -0.02107972 0.05504700
v -0.09388356 -0.00992451 0.05246281
v -0.09482853 -0.00891452 0.05246281
v -0.07588612 -0.02077627 0.05582424
v -0.07632639 -0.02099367 0.05709654
v -0.07148340 -0.02064946 0.05198260
v -0.09548358 -0.00796341 0.05246281
v -0.09587015 -0.00666808 0.05246281
v -0.09597754 -0.00476132 0.05246281
v -0.09559096 -0.00483832 0.05049248
v -0.09533324 -0.00552674 0.04956672
v -0.09407685 -0.00285457 0.04888850
v -0.09377618 -0.00135996 0.04917563
v -0.09254127 -0.00081646 0.04885879
v -0.09196140 0.00022976 0.04940335
v -0.08739761 -0.00009181 0.04779442
v -0.08613048 0.00013012 0.04760135
v -0.08482041 0.00032487 0.04746274
v -0.06385919 0.00185571 0.04583895
v -0.06767129 0.00810589 0.05110635
v -0.06577060 0.00180589 0.04587855
v -0.07338408 0.00786585 0.05129447
v -0.07488745 0.00777980 0.05136378
v -0.07719619 0.00542466 0.04981920
v -0.07338408 0.00130316 0.04623499
v -0.07910761 0.00429238 0.04926474
v -0.07719619 0.00447354 0.04911622
v -0.08290898 0.00057397 0.04729936
v -0.05997190 0.00303328 0.04704688
v -0.05928465 0.00378059 0.04772511
v 0.01372528 0.00078684 0.05854210
v 0.01372528 -0.00014616 0.05784902
v 0.01372528 -0.00051301 0.05758664
v 0.01372528 -0.00120597 0.05710644
v 0.01372528 -0.00146413 0.05693317
v 0.01372528 -0.00297685 0.05600741
v 0.01372528 -0.00386909 0.05549255
v 0.01372528 -0.00450316 0.05513116
v 0.01372528 -0.00481567 0.05495789
v 0.01372528 -0.00636010 0.05411135
v 0.01372528 -0.00674508 0.05390342
v -0.06195850 0.00286118 0.04669540
v -0.06055177 0.00388023 0.04763600
v 0.01372528 -0.03242515 0.06611647
v 0.01234003 -0.03258820 0.06631944
v 0.01042861 -0.03213982 0.06531448
v -0.01433399 -0.02963975 0.06008668
v -0.01433399 -0.03037799 0.06123521
v -0.01624541 -0.02967598 0.06008668
v -0.01814610 -0.02884715 0.05874508
v -0.04671006 -0.02514234 0.05286380
v -0.04862149 -0.02448109 0.05189349
v -0.04862149 -0.02352997 0.05069050
v -0.05052217 -0.02351186 0.05071031
v -0.05243359 -0.02346204 0.05076971
v -0.05433428 -0.02260150 0.04990831
v -0.06004707 -0.02135600 0.04910632
v -0.05814638 -0.02146017 0.04900236
v -0.06195850 -0.02123824 0.04924989
v -0.06202293 -0.02230711 0.05070040
v -0.06577060 -0.02251998 0.05207666
v -0.06268870 -0.02282796 0.05155685
v -0.06385919 -0.02328087 0.05267568
v -0.06202293 -0.02337145 0.05229944
v -0.06904579 -0.02109331 0.05130437
v -0.06963640 -0.02152810 0.05234399
v -0.07148340 -0.02124277 0.05293311
v -0.07148340 -0.02200366 0.05436878
v -0.07048474 -0.02284155 0.05535394
v -0.07166595 -0.02270115 0.05610643
v -0.07338408 -0.02208519 0.05627474
v -0.07526329 -0.02126995 0.05638861
v -0.09382987 -0.00991546 0.05436878
v -0.07746465 -0.02056793 0.05818071
v -0.07900023 -0.01961682 0.05818071
v -0.09541914 -0.00785924 0.05371035
v -0.07241763 -0.02285061 0.05725000
v -0.07338408 -0.02259698 0.05800249
v -0.07529551 -0.02172286 0.05818071
v -0.07650894 -0.02109331 0.05818071
v -0.09558022 -0.00666808 0.05406184
v -0.09564465 -0.00476132 0.05419055
v -0.09549432 -0.00317160 0.05388362
v -0.09558022 -0.00296326 0.05246281
v -0.09548358 -0.00332106 0.05108655
v -0.09519364 -0.00425406 0.04981425
v -0.09505404 -0.00275493 0.05049248
v -0.09407685 -0.00081646 0.05048753
v -0.09323926 -0.00009181 0.04980435
v -0.09254127 0.00058756 0.05048753
v -0.08189958 0.00569187 0.05157666
v -0.08062172 0.00595003 0.05122517
v -0.07910761 0.00623084 0.05095288
v -0.08206065 0.00385305 0.04957167
v -0.08100830 0.00402969 0.04944791
v -0.06385919 0.00286118 0.04667064
v -0.06195850 0.00395269 0.04758155
v -0.06577060 0.00698720 0.05012119
v -0.06767129 0.00905701 0.05206676
v -0.06577060 0.00908871 0.05200735
v -0.06577060 0.00813759 0.05107665
v -0.06957198 0.00803795 0.05118061
v -0.06957198 0.00898907 0.05217567
v -0.07244984 0.00953256 0.05340837
v -0.07148340 0.00959144 0.05329945
v -0.06957198 0.00969561 0.05313113
v -0.07910761 0.00524802 0.04999742
v -0.07615457 0.00759410 0.05155190
v -0.07542437 0.00821006 0.05229944
v -0.05890881 0.00576434 0.04956177
v 0.01372528 0.00931516 0.06503230
v 0.01372528 0.00862674 0.06448773
v 0.01372528 0.00836405 0.06428476
v 0.01372528 0.00745370 0.06359168
v 0.01372528 0.00173796 0.05925993
v -0.06385919 0.00807872 0.05112120
v 0.01372528 -0.03255650 0.06637885
v 0.01168500 -0.03429568 0.07054723
v 0.01042861 -0.03261085 0.06626994
v -0.00798763 -0.03237534 0.06485903
v 0.01296286 -0.03428209 0.07059673
v -0.00926550 -0.03238892 0.06483922
v -0.00968429 -0.03238892 0.06483922
v -0.04671006 -0.02665506 0.05535394
v -0.04421877 -0.02667318 0.05530938
v -0.04290869 -0.02668224 0.05529453
v -0.04100801 -0.02668677 0.05528958
v -0.04862149 -0.02515140 0.05284895
v -0.05052217 -0.02446297 0.05192319
v -0.05243359 -0.02441315 0.05200240
v -0.05433428 -0.02337598 0.05085882
v -0.05624570 -0.02251092 0.05003208
v -0.05814638 -0.02241581 0.05018060
v -0.06004707 -0.02231164 0.05034892
v -0.06004707 -0.02300460 0.05130437
v -0.06577060 -0.02306800 0.05303212
v -0.06693035 -0.02291854 0.05330440
v -0.06760686 -0.02229805 0.05258657
v -0.05624570 -0.02421387 0.05233904
v -0.05624570 -0.02483889 0.05328955
v -0.05724437 -0.02477095 0.05340341
v -0.06004707 -0.02455808 0.05380441
v -0.06195850 -0.02440862 0.05413115
v -0.06371959 -0.02427275 0.05453710
v -0.05852223 -0.02467584 0.05358164
v -0.06820820 -0.02272832 0.05367075
v -0.06974379 -0.02257886 0.05433412
v -0.06921761 -0.02303630 0.05494304
v -0.06767129 -0.02400553 0.05627474
v -0.06974379 -0.02333522 0.05610643
v -0.07115051 -0.02307253 0.05662623
v -0.09361510 -0.00972976 0.05578464
v -0.07895728 -0.01959417 0.06008668
v -0.07990225 -0.01894198 0.06008668
v -0.08199623 -0.01717110 0.06111640
v -0.07529551 -0.02183156 0.06008668
v -0.07655189 -0.02112501 0.06008668
v -0.07749686 -0.02054529 0.06008668
v -0.09393726 -0.00865636 0.05636385
v -0.09360436 -0.00808116 0.05752229
v -0.09515069 -0.00666808 0.05501235
v -0.06957198 -0.02402364 0.05818071
v -0.07166595 -0.02328993 0.05800249
v -0.07273979 -0.02299101 0.05851735
v -0.07384583 -0.02261056 0.06008668
v -0.09521511 -0.00476132 0.05514106
v -0.09427015 -0.00285457 0.05627474
v -0.09509699 -0.00266434 0.05445788
v -0.09431309 -0.00095234 0.05436878
v -0.09525807 -0.00201215 0.05246281
v -0.09458155 -0.00095234 0.05246281
v -0.09357215 0.00016182 0.05107170
v -0.09170368 0.00201423 0.05294796
v -0.09096273 0.00186477 0.05167567
v -0.08115864 0.00626707 0.05231429
v -0.07840962 0.00772997 0.05317074
v -0.07906467 0.00717742 0.05250736
v -0.07719619 0.00746276 0.05183408
v -0.06385919 0.00395722 0.04758155
v -0.06385919 0.00490834 0.04837364
v -0.06767129 0.00978166 0.05302222
v -0.06577060 0.00982696 0.05296281
v -0.06385919 0.00983601 0.05298756
v -0.06385919 0.00903436 0.05203211
v -0.07281495 0.00962314 0.05436878
v -0.07148340 0.00987677 0.05436878
v -0.06957198 0.01015305 0.05436878
v -0.06767129 0.01034780 0.05436878
v -0.07719619 0.00794284 0.05278954
v -0.07529551 0.00898001 0.05436878
v -0.07377066 0.00939669 0.05436878
v -0.06577060 0.01048368 0.05436878
v -0.06195850 0.00794284 0.05122517
v -0.06195850 0.00889396 0.05213112
v -0.05741618 0.00758957 0.05154695
v 0.01372528 0.00955068 0.06529468
v -0.05873700 0.00960503 0.05333906
v -0.06004707 0.00970467 0.05322519
v 0.01372528 -0.03293242 0.06731946
v 0.01042861 -0.03449043 0.07151259
v 0.01042861 -0.03430927 0.07051753
v 0.00471581 -0.03267879 0.06615607
v -0.00290840 -0.03276484 0.06602736
v -0.00480909 -0.03276937 0.06595805
v 0.01232929 -0.03441796 0.07134427
v 0.01372528 -0.03363442 0.06908186
v 0.01372528 -0.03426851 0.07068585
v 0.01372528 -0.03435456 0.07125021
v -0.00862120 -0.03267425 0.06561647
v -0.00670977 -0.03276031 0.06586894
v -0.01052188 -0.03434097 0.07042346
v -0.01181048 -0.03431832 0.07047793
v -0.01095141 -0.03236175 0.06490853
v -0.04862149 -0.02663695 0.05539354
v -0.04862149 -0.02607081 0.05436878
v -0.05052217 -0.02512875 0.05287370
v -0.05243359 -0.02506081 0.05295291
v -0.05433428 -0.02432710 0.05214597
v -0.05624570 -0.02325823 0.05098259
v -0.05814638 -0.02313141 0.05113605
v -0.06577060 -0.02372925 0.05436878
v -0.06760686 -0.02321746 0.05433412
v -0.05433428 -0.02496570 0.05309648
v -0.05433428 -0.02564507 0.05436878
v -0.05624570 -0.02540050 0.05436878
v -0.05798531 -0.02510611 0.05427966
v -0.06004707 -0.02503817 0.05475987
v -0.06195850 -0.02487512 0.05508661
v -0.06298938 -0.02478001 0.05528463
v -0.06584577 -0.02449920 0.05627474
v -0.06653303 -0.02471660 0.05740842
v -0.09327148 -0.00934932 0.05705693
v -0.08168481 -0.01689935 0.06238870
v -0.07638008 -0.02103896 0.06128472
v -0.07861365 -0.01935413 0.06199265
v -0.07955863 -0.01869288 0.06199265
v -0.08102977 -0.01763760 0.06184908
v -0.07272904 -0.02300460 0.06158670
v -0.09283121 -0.00865636 0.05816586
v -0.09183254 -0.00857031 0.05957677
v -0.09214395 -0.00666808 0.05995797
v -0.09309966 -0.00666808 0.05871042
v -0.09373322 -0.00666808 0.05775496
v -0.09453860 -0.00666808 0.05627474
v -0.06771424 -0.02455808 0.05810150
v -0.06711289 -0.02487059 0.05868072
v -0.06838002 -0.02469395 0.05963123
v -0.06942163 -0.02443580 0.06019560
v -0.07148340 -0.02366585 0.06008668
v -0.07289013 -0.02306800 0.06008668
v -0.09459229 -0.00476132 0.05627474
v -0.09306745 -0.00285457 0.05849260
v -0.09344329 -0.00174493 0.05733912
v -0.09319631 -0.00047678 0.05671039
v -0.09343255 0.00006218 0.05543810
v -0.09356141 0.00024335 0.05436878
v -0.09367953 0.00032034 0.05246281
v -0.09238020 0.00137563 0.05237370
v -0.09170368 0.00201423 0.05402718
v -0.07958010 0.00742199 0.05436878
v -0.07862439 0.00782056 0.05436878
v -0.07719619 0.00835952 0.05436878
v -0.06385919 0.01057426 0.05436878
v -0.06195850 0.01057426 0.05436878
v -0.06004707 0.01049273 0.05436878
v -0.06195850 0.00979978 0.05308658
v -0.07148340 0.01000359 0.05627474
v -0.06957198 0.01041121 0.05627474
v -0.06767129 0.01069202 0.05627474
v -0.06577060 0.01090941 0.05627474
v -0.06385919 0.01110416 0.05627474
v -0.07529551 0.00893019 0.05627474
v -0.07385657 0.00938763 0.05627474
v -0.07290085 0.00965032 0.05627474
v -0.06182964 0.01126721 0.05643811
v -0.06004707 0.01127174 0.05609157
v 0.01372528 0.01013946 0.06598280
v -0.05811417 0.01019381 0.05421531
v 0.00852792 -0.03451760 0.07151259
v 0.01372528 -0.03440437 0.07160170
v 0.01372528 -0.03441343 0.07269578
v 0.01234003 -0.03444514 0.07274528
v 0.00852792 -0.03432285 0.07048287
v -0.00862120 -0.03435456 0.07041851
v 0.00662724 -0.03432738 0.07046802
v -0.01052188 -0.03434097 0.07068585
v 0.00662724 -0.03453572 0.07151259
v -0.01181048 -0.03431832 0.07062149
v -0.01814610 -0.03354837 0.06960662
v -0.01624541 -0.03374313 0.06960662
v -0.01433399 -0.03388806 0.06960662
v -0.01433399 -0.03321775 0.06770065
v -0.01624541 -0.03311358 0.06770065
v -0.04480938 -0.02796398 0.05818071
v -0.04862149 -0.02704004 0.05634900
v -0.05052217 -0.02658712 0.05552226
v -0.05052217 -0.02599834 0.05436878
v -0.05243359 -0.02585341 0.05436878
v -0.06425650 -0.02464414 0.05564107
v -0.05243359 -0.02650560 0.05574008
v -0.05433428 -0.02639690 0.05602721
v -0.05814638 -0.02597569 0.05627474
v -0.06004707 -0.02567225 0.05627474
v -0.06371959 -0.02498382 0.05627474
v -0.06195850 -0.02533256 0.05627474
v -0.06526590 -0.02487059 0.05691336
v -0.06385919 -0.02553637 0.05818071
v -0.06584577 -0.02505629 0.05810150
v -0.09154260 -0.00958483 0.05921043
v -0.08236133 -0.01562667 0.06349762
v -0.08040696 -0.01742020 0.06342337
v -0.07337335 -0.02249734 0.06213126
v -0.07238542 -0.02283249 0.06285900
v -0.07533846 -0.02141941 0.06194809
v -0.07601497 -0.02081250 0.06255701
v -0.07708881 -0.02035506 0.06194809
v -0.07829150 -0.01914579 0.06314118
v -0.07164448 -0.02337145 0.06213126
v -0.06868069 -0.02478001 0.06115105
v -0.06942163 -0.02437239 0.06186888
v -0.09107012 -0.00857031 0.06052728
v -0.09218691 -0.00476132 0.05999262
v -0.09137079 -0.00666808 0.06091342
v -0.09314261 -0.00476132 0.05872032
v -0.09371175 -0.00476132 0.05776487
v -0.06385919 -0.02592135 0.06008668
v -0.06577060 -0.02545032 0.06008668
v -0.06868069 -0.02478001 0.06090352
v -0.09211174 -0.00285457 0.05988371
v -0.09187549 -0.00132825 0.05958172
v -0.09254127 -0.00090252 0.05820546
v -0.09192918 0.00045169 0.05779952
v -0.09251979 0.00068267 0.05615593
v -0.09238020 0.00133487 0.05454699
v -0.09144596 0.00190100 0.05529948
v -0.07852774 0.00777980 0.05595791
v -0.08100830 0.00678339 0.05436878
v -0.05814638 0.01125363 0.05592325
v -0.05624570 0.01114493 0.05588860
v -0.07256797 0.00956880 0.05734902
v -0.06957198 0.01010776 0.05818071
v -0.06767129 0.01048820 0.05818071
v -0.06577060 0.01078713 0.05818071
v -0.06385919 0.01103623 0.05818071
v -0.06111017 0.01144385 0.05728961
v -0.06111017 0.01144385 0.05717575
v -0.07738948 0.00811042 0.05646287
v -0.07815190 0.00762128 0.05722525
v -0.07529551 0.00837764 0.05818071
v -0.06004707 0.01147102 0.05704703
v -0.05814638 0.01152990 0.05687376
v -0.05624570 0.01158425 0.05683911
v 0.01372528 0.01065125 0.06770065
v -0.05243359 0.01150273 0.05710149
v -0.05433428 0.01157972 0.05693812
v 0.01042861 -0.03446778 0.07277498
v 0.00852792 -0.03448590 0.07279973
v 0.01372528 -0.03392429 0.07338390
v 0.01234003 -0.03374313 0.07369579
v 0.00471581 -0.03447231 0.07276508
v 0.00662724 -0.03449043 0.07280964
v -0.01244404 -0.03369783 0.07135912
v -0.01814610 -0.03296865 0.07121556
v -0.02004678 -0.03279654 0.07102248
v -0.02195820 -0.03259726 0.07079971
v -0.02004678 -0.03329927 0.06960662
v 0.00281513 -0.03442702 0.07268587
v 0.00090371 -0.03437720 0.07260171
v -0.00099698 -0.03431832 0.07251260
v -0.00196343 -0.03428662 0.07246805
v -0.03852746 -0.03051840 0.06473031
v -0.02004678 -0.03288259 0.06776501
v -0.03719590 -0.03057728 0.06457684
v -0.04480938 -0.02845312 0.05956192
v -0.04671006 -0.02784622 0.05818071
v -0.05052217 -0.02696757 0.05647277
v -0.05243359 -0.02686793 0.05669059
v -0.05433428 -0.02675923 0.05697772
v -0.05545107 -0.02668677 0.05716585
v -0.05614906 -0.02631538 0.05642821
v -0.05814638 -0.02650107 0.05781437
v -0.05671819 -0.02660071 0.05744803
v -0.05991821 -0.02635161 0.05832923
v -0.06195850 -0.02592587 0.05818071
v -0.06047661 -0.02656448 0.05969064
v -0.06180816 -0.02639238 0.06023025
v -0.08978152 -0.00969353 0.06120056
v -0.08189958 -0.01516017 0.06476497
v -0.07993447 -0.01703069 0.06469071
v -0.07911836 -0.01811315 0.06391842
v -0.06838002 -0.02467131 0.06242335
v -0.07111830 -0.02314047 0.06355703
v -0.07050621 -0.02284608 0.06482437
v -0.07164448 -0.02262868 0.06407189
v -0.07350221 -0.02163680 0.06400258
v -0.07473712 -0.02118842 0.06343821
v -0.07717471 -0.01951265 0.06382436
v -0.07779754 -0.01880158 0.06441347
v -0.06385919 -0.02604363 0.06199265
v -0.06120681 -0.02672300 0.06344316
v -0.06094909 -0.02665053 0.06471546
v -0.09011441 -0.00857031 0.06148274
v -0.09139227 -0.00476132 0.06094808
v -0.09041508 -0.00666808 0.06172532
v -0.08389691 -0.00958483 0.06677984
v -0.08191032 -0.00924515 0.06860661
v -0.08202844 -0.00797699 0.06871057
v -0.06106721 -0.02668224 0.06095798
v -0.06120681 -0.02671847 0.06199265
v -0.06216252 -0.02647843 0.06199265
v -0.09117750 -0.00285457 0.06083917
v -0.09138153 -0.00006010 0.05906686
v -0.08188885 -0.00405025 0.06859175
v -0.07853848 -0.00329842 0.07082941
v -0.07915056 -0.00274134 0.07006703
v -0.07804452 -0.00203027 0.07047793
v -0.08015997 -0.00180381 0.06873037
v -0.07796935 0.00370359 0.06469071
v -0.07728209 0.00451430 0.06399268
v -0.07719619 0.00545636 0.06247780
v -0.07818411 0.00573716 0.06107184
v -0.07893580 0.00596815 0.05993816
v -0.08012775 0.00575528 0.05920053
v -0.08085796 0.00595456 0.05800744
v -0.08198549 0.00573264 0.05725496
v -0.07913983 0.00737670 0.05646287
v -0.07189146 0.00935593 0.05862131
v -0.07062433 0.00955521 0.05920053
v -0.07134379 0.00969561 0.05806190
v -0.07327670 0.00910683 0.05806190
v -0.06957198 0.00968655 0.05953717
v -0.06768203 0.00986319 0.06017579
v -0.06577060 0.01024363 0.06008668
v -0.06385919 0.01052897 0.06008668
v -0.06195850 0.01075995 0.06008668
v -0.05752357 0.01146649 0.05923023
v -0.06182964 0.01126721 0.05802725
v -0.05624570 0.01167030 0.05818071
v -0.07910761 0.00674716 0.05818071
v -0.07769015 0.00741747 0.05818071
v -0.07627270 0.00763486 0.05915102
v -0.07673445 0.00782961 0.05818071
v -0.07529551 0.00781603 0.05954707
v -0.07350221 0.00816477 0.06021539
v -0.05433428 0.01173371 0.05818071
v -0.03338379 0.01107699 0.06389367
v 0.01372528 0.01050179 0.06817590
v -0.05243359 0.01168389 0.05818071
v -0.04100801 0.01151631 0.06139363
v 0.01042861 -0.03375671 0.07373044
v 0.00852792 -0.03377030 0.07375025
v 0.01372528 -0.03372954 0.07364628
v 0.01372528 -0.03303659 0.07443838
v 0.00662724 -0.03376124 0.07376014
v 0.00471581 -0.03370690 0.07372054
v -0.00862120 -0.03294600 0.07298291
v -0.01624541 -0.03311358 0.07139873
v -0.00670977 -0.03309546 0.07314133
v -0.01243330 -0.03261990 0.07267597
v -0.01391519 -0.03248403 0.07255221
v -0.01518232 -0.03236175 0.07244825
v -0.01624541 -0.03224852 0.07234924
v -0.01814610 -0.03203565 0.07216606
v -0.04480938 -0.02730273 0.07118585
v -0.04671006 -0.02710344 0.07097793
v -0.04862149 -0.02689511 0.07077000
v -0.02311794 -0.03245233 0.07063634
v -0.02195820 -0.03298223 0.06960662
v -0.04862149 -0.02795492 0.06947791
v -0.04797719 -0.02862523 0.06875512
v -0.05151010 -0.02857994 0.06677490
v -0.05166044 -0.02860258 0.06579963
v -0.05169265 -0.02860258 0.06450754
v 0.00281513 -0.03362084 0.07364133
v 0.00090371 -0.03353026 0.07355222
v -0.00270437 -0.03332645 0.07339875
v -0.00480909 -0.03321322 0.07328984
v -0.05236916 -0.02844859 0.06388377
v -0.05124164 -0.02854370 0.06324019
v -0.05243359 -0.02820855 0.06199265
v -0.05243359 -0.02784622 0.06008668
v -0.05052217 -0.02806362 0.06008668
v -0.04847115 -0.02831725 0.06025995
v -0.05052217 -0.02755182 0.05818071
v -0.04671006 -0.02838066 0.05986886
v -0.04862149 -0.02771940 0.05818071
v -0.05243359 -0.02734802 0.05818071
v -0.05433428 -0.02712156 0.05818071
v -0.05614906 -0.02687246 0.05812130
v -0.05814638 -0.02676829 0.05876983
v -0.05919874 -0.02668677 0.05906191
v -0.05991821 -0.02676829 0.06023025
v -0.08359624 -0.01085298 0.06645806
v -0.08586203 -0.00967994 0.06493329
v -0.08243649 -0.01389202 0.06535903
v -0.08183515 -0.01318548 0.06663133
v -0.08231837 -0.01191279 0.06710164
v -0.08123381 -0.01452609 0.06602241
v -0.08062172 -0.01576254 0.06541349
v -0.07998816 -0.01516017 0.06668579
v -0.07865660 -0.01753343 0.06536894
v -0.07803378 -0.01703975 0.06664123
v -0.06771424 -0.02444033 0.06393822
v -0.06710216 -0.02489324 0.06332930
v -0.06975453 -0.02352091 0.06407189
v -0.06649007 -0.02467131 0.06460160
v -0.06450348 -0.02462602 0.06647291
v -0.06923909 -0.02313594 0.06534913
v -0.06846593 -0.02277814 0.06662143
v -0.06975453 -0.02256527 0.06591350
v -0.07155856 -0.02164133 0.06589369
v -0.07294381 -0.02124277 0.06531943
v -0.07422167 -0.02088044 0.06470556
v -0.07533846 -0.02054982 0.06400258
v -0.07653042 -0.01922279 0.06513131
v -0.05814638 -0.02741142 0.06389367
v -0.06020815 -0.02691322 0.06400753
v -0.05624570 -0.02765147 0.06579963
v -0.05968197 -0.02682717 0.06539369
v -0.05900545 -0.02663695 0.06666598
v -0.06020815 -0.02649201 0.06593825
v -0.06195850 -0.02591229 0.06579963
v -0.08209287 -0.00666808 0.06876502
v -0.08207139 -0.00531840 0.06874523
v -0.08294120 -0.01032308 0.06732936
v -0.08168481 -0.01047707 0.06840859
v -0.08072910 -0.01047707 0.06917592
v -0.07947271 -0.01047707 0.07012643
v -0.07978413 -0.00857031 0.07036406
v -0.08116937 -0.00859748 0.06929474
v -0.07994521 -0.00666808 0.07047297
v -0.08100830 -0.00666808 0.06963138
v -0.05814638 -0.02704909 0.06008668
v -0.05814638 -0.02732990 0.06199265
v -0.06004707 -0.02696757 0.06199265
v -0.07892507 -0.00108368 0.06904226
v -0.07816264 0.00001236 0.06866601
v -0.07816264 0.00191459 0.06676004
v -0.07586464 0.00359489 0.06647786
v -0.08115864 -0.00471603 0.06933434
v -0.07982709 -0.00476132 0.07038386
v -0.07634787 -0.00366075 0.07253241
v -0.07719619 -0.00284551 0.07150764
v -0.07576799 -0.00239260 0.07219081
v -0.07676666 -0.00148224 0.07091852
v -0.07732505 -0.00088893 0.07002247
v -0.07670222 0.00406139 0.06521051
v -0.07546732 0.00543371 0.06400258
v -0.07621900 0.00570546 0.06292336
v -0.07719619 0.00597268 0.06152235
v -0.07702438 0.00689662 0.05990846
v -0.07134379 0.00901171 0.05993321
v -0.06944311 0.00790208 0.06385406
v -0.06957198 0.00866750 0.06199265
v -0.06767129 0.00838217 0.06389367
v -0.06832632 0.00946463 0.06087382
v -0.06705920 0.00960050 0.06122036
v -0.06382696 0.00920194 0.06378476
v -0.06316119 0.00957332 0.06307187
v -0.06195850 0.00932875 0.06426001
v -0.06004707 0.00943292 0.06455209
v -0.06004707 0.01094112 0.06008668
v -0.05624570 0.01152084 0.05939360
v -0.05433428 0.01158425 0.05959658
v -0.07495188 0.00599079 0.06343821
v -0.07350221 0.00730877 0.06204215
v -0.07212770 0.00751711 0.06271543
v -0.07294381 0.00781150 0.06144314
v -0.07149413 0.00803795 0.06204215
v -0.05243359 0.01161143 0.05974509
v -0.05052217 0.01160690 0.05988866
v -0.02577031 0.01059237 0.06579963
v -0.04671006 0.01146649 0.06112630
v -0.03529521 0.01103623 0.06389367
v 0.01372528 0.00999000 0.06968088
v 0.01372528 -0.03277842 0.07472055
v 0.01234003 -0.03279201 0.07473046
v 0.00852792 -0.03281919 0.07476016
v 0.00662724 -0.03281013 0.07474531
v 0.00471581 -0.03275578 0.07469580
v 0.00281513 -0.03266973 0.07462650
v -0.00480909 -0.03222587 0.07424530
v -0.00344532 -0.03233457 0.07432947
v -0.00670977 -0.03204018 0.07409678
v -0.01327089 -0.03045499 0.07435422
v -0.01624541 -0.03129740 0.07313637
v -0.04480938 -0.02628821 0.07213636
v -0.04960941 -0.02477095 0.07247300
v -0.04977049 -0.02674112 0.07063139
v -0.04925505 -0.02850747 0.06844324
v -0.05044701 -0.02729367 0.06969573
v -0.05535442 -0.02668677 0.06868087
v -0.05052217 -0.02834442 0.06803234
v -0.05773833 -0.02684076 0.06708678
v -0.05433428 -0.02809079 0.06579963
v -0.05261615 -0.02843048 0.06579963
v -0.05624570 -0.02780546 0.06389367
v -0.05433428 -0.02814514 0.06389367
v 0.00090371 -0.03257914 0.07454728
v -0.00099698 -0.03247950 0.07445323
v -0.05624570 -0.02763788 0.06199265
v -0.05433428 -0.02793228 0.06199265
v -0.05624570 -0.02732990 0.06008668
v -0.05433428 -0.02759259 0.06008668
v -0.08056803 -0.01389202 0.06723530
v -0.07989151 -0.01312207 0.06850264
v -0.08110494 -0.01251517 0.06780461
v -0.08037473 -0.01184939 0.06890859
v -0.07871030 -0.01577160 0.06726995
v -0.07802304 -0.01510582 0.06854225
v -0.07930091 -0.01449892 0.06788877
v -0.07728209 -0.01816297 0.06588875
v -0.07587537 -0.01879705 0.06640361
v -0.07676666 -0.01752437 0.06718580
v -0.07599349 -0.01694464 0.06845809
v -0.07738948 -0.01635586 0.06786402
v -0.06522295 -0.02492041 0.06520061
v -0.06322562 -0.02489777 0.06698777
v -0.06718807 -0.02307253 0.06711154
v -0.06776794 -0.02348015 0.06591350
v -0.06956124 -0.02151905 0.06772541
v -0.07096796 -0.02118842 0.06711154
v -0.06633974 -0.02268303 0.06838383
v -0.06776794 -0.02241581 0.06773036
v -0.07223508 -0.02084421 0.06658678
v -0.07350221 -0.02056340 0.06589369
v -0.07526329 -0.01958964 0.06577983
v -0.05828599 -0.02706268 0.06593825
v -0.06004707 -0.02568130 0.06770065
v -0.06177595 -0.02507893 0.06765610
v -0.07828076 -0.01162293 0.07065119
v -0.07851700 -0.01047707 0.07081951
v -0.07882842 -0.00857031 0.07104228
v -0.07898950 -0.00666808 0.07116605
v -0.07592907 -0.00021409 0.07036901
v -0.07719619 0.00036111 0.06899770
v -0.07598276 0.00174249 0.06848284
v -0.07719619 0.00131222 0.06805214
v -0.07719619 0.00222710 0.06710164
v -0.07529551 0.00286571 0.06770065
v -0.07459752 0.00394364 0.06691846
v -0.07887137 -0.00476132 0.07107199
v -0.07655189 -0.00476132 0.07265617
v -0.07529551 -0.00476132 0.07338885
v -0.07391026 -0.00476132 0.07415124
v -0.07265388 -0.00358375 0.07447303
v -0.07519886 -0.00295873 0.07281459
v -0.07749686 -0.00476132 0.07202744
v -0.07450087 -0.00179475 0.07254726
v -0.07520960 -0.00100216 0.07146803
v -0.07525255 0.00437390 0.06582934
v -0.07415725 0.00563752 0.06471051
v -0.06872365 0.00765751 0.06491348
v -0.07086057 0.00773903 0.06318574
v -0.06768203 0.00919288 0.06190849
v -0.06767129 0.00780244 0.06520557
v -0.06569543 0.00797908 0.06585904
v -0.06577060 0.00879432 0.06389367
v -0.06385919 0.00839575 0.06579963
v -0.06195850 0.00873091 0.06579963
v -0.06004707 0.00898001 0.06579963
v -0.05433428 0.00878979 0.06770065
v -0.05433428 0.01126268 0.06054708
v -0.05243359 0.01132609 0.06069560
v -0.04797719 0.01144838 0.06108174
v -0.07347000 0.00631236 0.06400258
v -0.07149413 0.00717742 0.06385406
v -0.07000151 0.00743105 0.06445803
v -0.03338379 0.00834593 0.07151259
v -0.02195820 0.00863127 0.07151259
v -0.01052188 0.00822365 0.07341856
v -0.04480938 0.00865844 0.06960662
v -0.04290869 0.00873544 0.06960662
v -0.04100801 0.00880338 0.06960662
v -0.03910732 0.00818289 0.07151259
v -0.03719590 0.00824177 0.07151259
v 0.01372528 0.00919288 0.07143338
v -0.01243330 0.00731330 0.07551760
v -0.01052188 0.00731330 0.07554730
v 0.01372528 -0.03196771 0.07541364
v 0.01042861 -0.03170503 0.07569582
v 0.00852792 -0.03172314 0.07571067
v 0.00662724 -0.03171408 0.07570077
v 0.00471581 -0.03165973 0.07565127
v 0.00281513 -0.03157821 0.07557701
v -0.00001979 -0.03047311 0.07627504
v -0.00099698 -0.02822667 0.07792357
v -0.00977019 -0.02861617 0.07630969
v -0.01433399 -0.02938159 0.07498294
v -0.04480938 -0.02533256 0.07289875
v -0.04377850 -0.02094385 0.07627008
v -0.04480938 -0.02080345 0.07617108
v -0.04671006 -0.01953982 0.07660177
v -0.04959868 -0.01905974 0.07628494
v -0.06577060 -0.01673177 0.07408688
v -0.06506187 -0.01915485 0.07255221
v -0.06108869 -0.02288684 0.07058683
v -0.06004707 -0.02401912 0.06980464
v -0.06004707 -0.02493400 0.06884918
v -0.05609537 -0.02699475 0.06771550
v -0.06102426 -0.02476642 0.06866106
v -0.05663228 -0.02647390 0.06835908
v -0.05828599 -0.02628821 0.06771550
v 0.00124733 -0.03054557 0.07633444
v -0.07862439 -0.01383767 0.06905216
v -0.07784049 -0.01289108 0.07031950
v -0.07675592 -0.01567196 0.06905711
v -0.07592907 -0.01493371 0.07032446
v -0.07729284 -0.01438569 0.06969078
v -0.07460825 -0.01920920 0.06697292
v -0.07529551 -0.01810862 0.06771550
v -0.07472637 -0.01742473 0.06894819
v -0.07532772 -0.01622451 0.06963632
v -0.07384583 -0.01677706 0.07022049
v -0.06229138 -0.02450373 0.06825512
v -0.06385919 -0.02420934 0.06765610
v -0.06572765 -0.02335334 0.06773036
v -0.06891693 -0.02110690 0.06884918
v -0.07019480 -0.02075363 0.06837888
v -0.06507262 -0.02296836 0.06879968
v -0.07720692 -0.01230683 0.07105713
v -0.07438274 -0.01337117 0.07248785
v -0.07564987 -0.01237929 0.07206210
v -0.07469416 -0.01237929 0.07267597
v -0.07603645 -0.01094809 0.07233439
v -0.07704585 -0.01037742 0.07183438
v -0.07630491 -0.00967541 0.07250270
v -0.07743243 -0.00857031 0.07199775
v -0.07761499 -0.00666808 0.07212151
v -0.07466194 0.00021164 0.07075020
v -0.07532772 0.00097706 0.06962642
v -0.07471564 0.00213652 0.06888879
v -0.07338408 0.00344996 0.06823532
v -0.07227804 0.00373530 0.06856205
v -0.07338408 0.00423350 0.06727985
v -0.07195588 0.00551071 0.06643826
v -0.07347000 0.00524349 0.06580459
v -0.07665928 -0.00666808 0.07272053
v -0.07529551 -0.00666808 0.07354232
v -0.07408208 -0.00666808 0.07423540
v -0.07312637 -0.00666808 0.07471066
v -0.07295455 -0.00476132 0.07462154
v -0.07192367 -0.00231560 0.07414134
v -0.07333039 -0.00291344 0.07377995
v -0.06869143 -0.00374227 0.07630474
v -0.06669410 -0.00192157 0.07626513
v -0.07065655 -0.00183552 0.07442352
v -0.07338408 -0.00143695 0.07283439
v -0.07338408 -0.00048584 0.07205220
v -0.07289013 0.00590927 0.06517091
v -0.06944311 0.00697361 0.06565112
v -0.06767129 0.00729518 0.06616103
v -0.06628605 0.00750352 0.06653232
v -0.06500818 0.00767563 0.06684916
v -0.06385919 0.00779791 0.06707688
v -0.06195850 0.00798361 0.06744322
v -0.06014372 0.00807419 0.06785907
v -0.05814638 0.00841840 0.06770065
v -0.05624570 0.00862221 0.06770065
v -0.05243359 0.00820553 0.06960662
v -0.05052217 0.00835952 0.06960662
v -0.05243359 0.00892113 0.06770065
v -0.05052217 0.00903889 0.06770065
v -0.04862149 0.00913853 0.06770065
v -0.04671006 0.00857239 0.06960662
v -0.07138675 0.00613573 0.06580459
v -0.03529521 0.00778432 0.07284429
v -0.01433399 0.00768015 0.07451263
v -0.04100801 0.00810589 0.07151259
v -0.03910732 0.00772092 0.07268587
v -0.03719590 0.00775715 0.07277003
v 0.01372528 0.00898001 0.07189378
v -0.01433399 0.00728159 0.07546809
v -0.01243330 0.00647541 0.07722554
v -0.01052188 0.00647541 0.07722554
v 0.01372528 -0.03165973 0.07567107
v 0.01042861 -0.03074938 0.07650276
v 0.00852792 -0.03077202 0.07652257
v 0.00662724 -0.03075844 0.07651266
v 0.00471581 -0.03070862 0.07646811
v 0.00281513 -0.03062710 0.07639880
v 0.00073189 -0.02971222 0.07695822
v 0.00090371 -0.02838518 0.07803744
v -0.00099698 -0.02727102 0.07860675
v -0.01045745 -0.02775111 0.07682455
v -0.01433399 -0.02810438 0.07593840
v -0.04480938 -0.01985233 0.07678989
v -0.01052188 -0.02624291 0.07788892
v -0.01521453 -0.02474377 0.07817110
v -0.01052188 -0.02528727 0.07853744
v -0.00862120 -0.01500165 0.08564646
v -0.00862120 -0.01405054 0.08627023
v -0.00981315 -0.01148253 0.08774550
v -0.01624541 -0.01066729 0.08723064
v -0.04597985 -0.01722092 0.07823051
v -0.04806309 -0.01346175 0.08017113
v -0.04933021 -0.01323983 0.08003251
v -0.06577060 -0.01578066 0.07472055
v -0.06713437 -0.01545456 0.07451759
v -0.06773572 -0.01612940 0.07381956
v -0.06572765 -0.01817656 0.07305222
v -0.06633974 -0.01886952 0.07231953
v -0.06580282 -0.02001085 0.07153239
v -0.06526590 -0.02114313 0.07074525
v -0.06385919 -0.02142394 0.07098783
v -0.06235582 -0.02265585 0.07034921
v -0.06385919 -0.02237505 0.07003237
v -0.06385919 -0.02322652 0.06908186
v -0.07657336 -0.01366103 0.07078981
v -0.07466194 -0.01550438 0.07078486
v -0.07515591 -0.01415018 0.07142348
v -0.07325523 -0.01949906 0.06764620
v -0.07253575 -0.01910503 0.06872542
v -0.07380287 -0.01869288 0.06824026
v -0.07319079 -0.01796369 0.06947295
v -0.07327670 -0.01616110 0.07111160
v -0.07256797 -0.01722997 0.07064129
v -0.06959345 -0.02000632 0.06963138
v -0.07148340 -0.01942207 0.06907196
v -0.06767129 -0.02141488 0.06921057
v -0.06767129 -0.02057246 0.07016604
v -0.06653303 -0.02086232 0.07047297
v -0.07338408 -0.01476161 0.07213636
v -0.07238542 -0.01520093 0.07243834
v -0.07338408 -0.01381049 0.07277003
v -0.07061359 -0.01339834 0.07440867
v -0.07195588 -0.01237929 0.07414629
v -0.07338408 -0.01237929 0.07340371
v -0.07334113 -0.01056765 0.07398787
v -0.07535993 -0.01037742 0.07289380
v -0.07529551 -0.00857031 0.07333440
v -0.07648746 -0.00857031 0.07261162
v -0.07338408 0.00060568 0.07109674
v -0.07236394 0.00186930 0.07052743
v -0.07338408 0.00156132 0.07023039
v -0.07338408 0.00249432 0.06927989
v -0.07168742 0.00296535 0.06972544
v -0.07101091 0.00404328 0.06892344
v -0.07148340 0.00477699 0.06770065
v -0.07068876 0.00578246 0.06684420
v -0.07391026 -0.00857031 0.07413639
v -0.07295455 -0.00857031 0.07463145
v -0.07148340 -0.00857031 0.07535918
v -0.07004446 -0.00857031 0.07605226
v -0.07148340 -0.00666808 0.07548790
v -0.06918539 -0.00666808 0.07653247
v -0.06767129 -0.00666808 0.07722060
v -0.06502966 -0.00529576 0.07827506
v -0.07148340 -0.00476132 0.07528492
v -0.06893841 -0.00476132 0.07641860
v -0.06767129 -0.00476132 0.07698297
v -0.06469677 -0.00402761 0.07813150
v -0.06342965 -0.00337541 0.07840873
v -0.06767129 -0.00329842 0.07652751
v -0.06253837 -0.00210726 0.07805724
v -0.06542698 -0.00155924 0.07653742
v -0.06594242 -0.00093422 0.07582454
v -0.06699477 0.00016182 0.07450768
v -0.06764981 -0.00087987 0.07502749
v -0.07221360 -0.00011898 0.07235914
v -0.06957198 0.00599985 0.06717094
v -0.06767129 0.00628066 0.06779471
v -0.06569543 0.00704608 0.06756699
v -0.06385919 0.00725895 0.06803234
v -0.06195850 0.00747634 0.06839373
v -0.06084171 0.00759410 0.06860165
v -0.05957459 0.00770733 0.06880958
v -0.05814638 0.00781603 0.06902245
v -0.05624570 0.00793831 0.06928978
v -0.05426985 0.00797002 0.06972544
v -0.05243359 0.00771639 0.07075515
v -0.05052217 0.00780244 0.07096308
v -0.04862149 0.00786585 0.07113139
v -0.04862149 0.00847728 0.06960662
v -0.04297312 0.00794737 0.07168586
v -0.03529521 0.00737670 0.07379480
v -0.04100801 0.00767563 0.07259181
v -0.03910732 0.00729518 0.07363638
v -0.03719590 0.00733594 0.07372549
v 0.01372528 0.00822818 0.07335420
v -0.03529521 0.00665658 0.07532453
v -0.01243330 0.00583228 0.07834932
v -0.03529521 0.00595003 0.07665623
v -0.01052188 0.00583228 0.07834932
v 0.01372528 0.00168814 0.08530487
v 0.01372528 -0.03097131 0.07624533
v 0.01372528 -0.03070862 0.07646316
v 0.00852792 -0.02953558 0.07747802
v 0.00664871 -0.02934083 0.07760179
v 0.00471581 -0.02952652 0.07737901
v 0.00281513 -0.02845765 0.07809684
v 0.00090371 -0.02742954 0.07871567
v 0.00090371 -0.02603457 0.07967112
v -0.00099698 -0.02586700 0.07955726
v -0.04480938 -0.01833055 0.07774536
v -0.00099698 -0.02491588 0.08018598
v -0.00721447 -0.01515111 0.08574547
v -0.00670977 -0.01278691 0.08735935
v -0.00862120 -0.01257857 0.08722074
v -0.01047893 -0.01060388 0.08817125
v -0.01433399 -0.00995169 0.08797322
v -0.01624541 -0.00971617 0.08781976
v -0.00862120 -0.01162293 0.08783461
v -0.00862120 -0.01047707 0.08851779
v -0.04671006 -0.01368368 0.08030975
v -0.04671006 -0.01237929 0.08107708
v -0.04866444 -0.01251517 0.08058698
v -0.04862149 -0.01072164 0.08160184
v -0.06494375 -0.01339382 0.07630969
v -0.06565248 -0.01413206 0.07571067
v -0.06773572 -0.01439475 0.07492353
v -0.06840150 -0.01510129 0.07428986
v -0.06882029 -0.01725262 0.07255221
v -0.06767129 -0.01756966 0.07278983
v -0.06767129 -0.01852077 0.07202744
v -0.06767129 -0.01961682 0.07107199
v -0.07148340 -0.01852530 0.07002742
v -0.07028070 -0.01889669 0.07041357
v -0.07148340 -0.01757419 0.07093833
v -0.06900284 -0.01925902 0.07075515
v -0.07164448 -0.01621545 0.07198785
v -0.07008742 -0.01687218 0.07225022
v -0.07111830 -0.01560402 0.07274033
v -0.06957198 -0.01471179 0.07403738
v -0.07150488 -0.01429964 0.07342846
v -0.06957198 -0.01375614 0.07460669
v -0.06773572 -0.01239288 0.07592849
v -0.06714511 -0.01176333 0.07643345
v -0.06841223 -0.01114285 0.07619583
v -0.07100017 -0.01237929 0.07460174
v -0.07234246 -0.01126513 0.07432451
v -0.07267535 -0.00999245 0.07449283
v -0.07165521 0.00104953 0.07159675
v -0.06850889 0.00184665 0.07241359
v -0.07109682 0.00219993 0.07083932
v -0.06957198 0.00352696 0.07025515
v -0.06854109 0.00377606 0.07052247
v -0.06957198 0.00436937 0.06930464
v -0.06829412 0.00559676 0.06848779
v -0.06957198 0.00532049 0.06812145
v -0.06884177 -0.00987469 0.07637405
v -0.06908875 -0.00857031 0.07648791
v -0.06610350 -0.00666808 0.07791367
v -0.06514778 -0.00666808 0.07832457
v -0.06385919 -0.00666808 0.07886418
v -0.06195850 -0.00476132 0.07942855
v -0.06398804 -0.00470244 0.07859190
v -0.06192628 -0.00278663 0.07864141
v -0.05915579 -0.00377398 0.08010183
v -0.06385919 -0.00117879 0.07685425
v -0.05989674 -0.00302667 0.07943349
v -0.06127125 -0.00179022 0.07827011
v -0.06577060 0.00047433 0.07477006
v -0.06385919 -0.00022315 0.07609186
v -0.06724176 0.00215916 0.07269578
v -0.06702700 0.00582775 0.06879968
v -0.06577060 0.00603609 0.06909176
v -0.06376254 0.00621272 0.06968088
v -0.06195850 0.00671092 0.06960662
v -0.06014372 0.00717742 0.06950761
v -0.05814638 0.00729065 0.06997296
v -0.05624570 0.00745370 0.07024524
v -0.05486046 0.00756240 0.07043832
v -0.05359334 0.00765298 0.07061654
v -0.05052217 0.00735859 0.07191359
v -0.04862149 0.00745370 0.07208190
v -0.04671006 0.00751711 0.07221557
v -0.04364964 0.00761222 0.07243834
v -0.04480938 0.00796549 0.07139873
v -0.04238252 0.00764392 0.07251260
v -0.04100801 0.00724989 0.07354232
v -0.03719590 0.00657958 0.07532453
v -0.03719590 0.00591380 0.07658197
v -0.01433399 0.00579151 0.07828992
v -0.01624541 0.00414292 0.08052757
v -0.01243330 0.00515291 0.07930478
v 0.01372528 0.00063285 0.08682469
v 0.01372528 0.00142545 0.08568607
v -0.03338379 0.00538389 0.07766614
v 0.01372528 -0.02952652 0.07735426
v 0.00951585 -0.02857541 0.07818101
v 0.00852792 -0.02858447 0.07819091
v 0.00729301 -0.02858447 0.07819091
v 0.00602589 -0.02855729 0.07817110
v 0.00281513 -0.02750201 0.07876022
v 0.00090371 -0.02508346 0.08029490
v 0.00281513 -0.02609798 0.07971568
v 0.00567153 -0.02285514 0.08199294
v -0.00054597 -0.01341646 0.08776531
v -0.00181309 -0.01330323 0.08769105
v -0.00325203 -0.01892386 0.08381475
v -0.00670977 -0.01183580 0.08796333
v -0.01052188 -0.00876053 0.08921087
v -0.01731925 -0.00956671 0.08773065
v -0.01433399 -0.00857031 0.08873561
v -0.00862120 -0.00901869 0.08934454
v -0.00670977 -0.01047707 0.08876532
v -0.04536777 -0.01132401 0.08193354
v -0.04671006 -0.01014644 0.08234938
v -0.04862149 -0.00976599 0.08212660
v -0.06349408 -0.00985658 0.07834932
v -0.06565248 -0.01239288 0.07660177
v -0.06621088 -0.01303601 0.07613642
v -0.04963089 -0.00954860 0.08200284
v -0.04577583 -0.00762825 0.08389891
v -0.06949680 -0.01621545 0.07301261
v -0.06955050 -0.01807692 0.07150269
v -0.06476120 -0.00943990 0.07816615
v -0.06951828 -0.01049518 0.07589384
v -0.07162300 -0.01056765 0.07487402
v -0.06789680 0.00296988 0.07161161
v -0.06957198 0.00257584 0.07120565
v -0.06577060 0.00344090 0.07209676
v -0.06727397 0.00404328 0.07081456
v -0.06778941 0.00481775 0.06966108
v -0.06577060 0.00529784 0.07004227
v -0.06571691 -0.00871071 0.07790872
v -0.06767129 -0.00857031 0.07711168
v -0.06504039 -0.00816722 0.07828002
v -0.06195850 -0.00666808 0.07958201
v -0.06051956 -0.00476132 0.07993350
v -0.05814638 -0.00258282 0.07968102
v -0.05957459 -0.00476132 0.08023549
v -0.03863484 -0.00366075 0.08591379
v -0.06207662 -0.00089799 0.07727010
v -0.06161487 0.00024788 0.07648296
v -0.06004707 -0.00155471 0.07845329
v -0.05707256 -0.00003746 0.07814635
v -0.05814638 -0.00024127 0.07798298
v -0.05811417 0.00106312 0.07693346
v -0.06004707 0.00055586 0.07673544
v -0.06442831 0.00174249 0.07422055
v -0.06577060 0.00142998 0.07395322
v -0.06288199 -0.00000575 0.07626513
v -0.06381623 0.00104500 0.07503740
v -0.06577060 0.00248979 0.07300271
v -0.06433167 0.00556506 0.07036406
v -0.06305381 0.00575981 0.07061654
v -0.06195850 0.00590474 0.07080466
v -0.06004707 0.00613573 0.07113635
v -0.05809269 0.00624895 0.07161655
v -0.05624570 0.00669281 0.07151259
v -0.05426985 0.00713213 0.07135912
v -0.05243359 0.00722724 0.07171062
v -0.05052217 0.00651617 0.07341856
v -0.04862149 0.00674716 0.07341856
v -0.04671006 0.00691021 0.07341856
v -0.04480938 0.00705514 0.07341856
v -0.04297312 0.00726348 0.07325519
v -0.03910732 0.00647088 0.07532453
v -0.03910732 0.00584586 0.07646316
v -0.03719590 0.00526614 0.07753743
v -0.03529521 0.00533407 0.07761169
v -0.01814610 0.00409763 0.08046816
v -0.00290840 0.00041546 0.08633954
v -0.00099698 0.00045169 0.08639894
v 0.00090371 0.00048339 0.08644845
v 0.00662724 0.00061474 0.08652766
v 0.01372528 -0.00005104 0.08765144
v 0.00090371 -0.00029562 0.08739896
v 0.01372528 -0.02876563 0.07791367
v 0.00852792 -0.02761976 0.07886913
v 0.01372528 -0.02753371 0.07881468
v 0.01372528 -0.02655995 0.07950775
v 0.00852792 -0.02625197 0.07980974
v 0.00662724 -0.02622480 0.07978994
v 0.00664871 -0.02780093 0.07871071
v 0.00471581 -0.02756088 0.07879982
v 0.00090371 -0.01349798 0.08781976
v 0.00662724 -0.02526915 0.08042361
v 0.00694939 -0.02288684 0.08201274
v 0.00914001 -0.01716657 0.08581973
v 0.00852792 -0.01237929 0.08892374
v -0.00110436 -0.01255140 0.08822075
v 0.00090371 -0.01237929 0.08849799
v 0.00090371 -0.01094356 0.08933958
v -0.00290840 -0.01223436 0.08819105
v -0.00471244 -0.01030496 0.08911186
v -0.01052188 -0.00780489 0.08970592
v -0.01285210 -0.00747426 0.08953266
v -0.00862120 -0.00806758 0.08984454
v -0.01754475 -0.00583019 0.08967127
v -0.04480938 -0.00779583 0.08399297
v -0.04480938 -0.00874694 0.08347811
v -0.04476642 -0.01060388 0.08244345
v -0.01624541 -0.00602495 0.08977028
v -0.00670977 -0.00924515 0.08946335
v -0.00670977 -0.00829403 0.08996830
v -0.00400371 -0.00955313 0.08963166
v -0.00527083 -0.00941272 0.08955245
v -0.04480938 -0.00666808 0.08439892
v -0.04617314 -0.00666808 0.08403257
v -0.05938130 -0.00782300 0.08016618
v -0.06402026 -0.00871071 0.07855230
v -0.06577060 0.00434673 0.07114625
v -0.06453569 0.00370359 0.07235418
v -0.06069138 -0.00666808 0.07999291
v -0.05973566 -0.00666808 0.08028004
v -0.05814638 -0.00666808 0.08074540
v -0.04629127 -0.00520065 0.08407713
v -0.04290869 -0.00476132 0.08496328
v -0.03719590 -0.00352487 0.08603261
v -0.03529521 -0.00029562 0.08366128
v -0.03719590 0.00064644 0.08255731
v -0.03910732 0.00046528 0.08237909
v -0.04100801 0.00023429 0.08218107
v -0.04216775 0.00007124 0.08204740
v -0.05243359 0.00171984 0.07803744
v -0.05580543 0.00018900 0.07832457
v -0.05814638 -0.00119238 0.07873052
v -0.04100801 -0.00476132 0.08538903
v -0.03854893 -0.00476132 0.08589399
v -0.03719590 -0.00476132 0.08614152
v -0.01754475 -0.00547692 0.08967127
v -0.01624541 -0.00518253 0.08977028
v -0.01624541 -0.00423142 0.08945344
v -0.01433399 -0.00395061 0.08955245
v -0.06213031 0.00091366 0.07574532
v -0.05873700 0.00176513 0.07615622
v -0.06004707 0.00151150 0.07593840
v -0.05636383 0.00087742 0.07761664
v -0.05745913 0.00200970 0.07636414
v -0.06315045 0.00200970 0.07445817
v -0.06384844 0.00285665 0.07340866
v -0.06379475 0.00475435 0.07148784
v -0.06195850 0.00510762 0.07176012
v -0.05869404 0.00560582 0.07232448
v -0.05741618 0.00577340 0.07253736
v -0.05624570 0.00590927 0.07271557
v -0.05433428 0.00610402 0.07300766
v -0.05228326 0.00617649 0.07350272
v -0.05052217 0.00582775 0.07451759
v -0.04862149 0.00596362 0.07471561
v -0.04671006 0.00606779 0.07488888
v -0.04480938 0.00615384 0.07506215
v -0.04290869 0.00623084 0.07522552
v -0.04114761 0.00621272 0.07550770
v -0.04062143 0.00577340 0.07635920
v -0.03910732 0.00515744 0.07741862
v -0.03719590 0.00431049 0.07879487
v -0.03529521 0.00438296 0.07888893
v -0.03338379 0.00443278 0.07896814
v -0.00480909 0.00037016 0.08626528
v -0.00099698 -0.00034544 0.08735441
v 0.00518830 -0.00379662 0.09153268
v 0.01372528 -0.00368792 0.09166635
v 0.00391044 -0.00381927 0.09150793
v 0.01372528 -0.02618856 0.07976519
v 0.01042861 -0.02622480 0.07979984
v 0.01002055 -0.01716657 0.08581973
v 0.01372528 -0.01805427 0.08522071
v 0.00852792 -0.01136024 0.08957226
v 0.00662724 -0.01127872 0.08952276
v 0.01234003 -0.01237929 0.08896334
v 0.01042861 -0.01237929 0.08895839
v -0.00099698 -0.01078957 0.08925542
v 0.00090371 -0.00999245 0.08986929
v 0.00662724 -0.01032760 0.09007722
v -0.01052188 -0.00666808 0.09028019
v -0.01230444 -0.00676772 0.08997326
v -0.00862120 -0.00666808 0.09055247
v -0.03820530 -0.00573508 0.08580983
v -0.00404667 -0.00576679 0.09154259
v -0.00471244 -0.00869712 0.08999801
v -0.00290840 -0.00686283 0.09113663
v -0.00290840 -0.00591172 0.09161189
v -0.00290840 -0.00857031 0.09025544
v -0.00099698 -0.00983846 0.08978513
v -0.00099698 -0.00857031 0.09044851
v -0.06326857 0.00394364 0.07260171
v -0.03338379 -0.00012804 0.08379000
v -0.03719590 0.00159755 0.08171076
v -0.03910732 0.00141639 0.08155729
v -0.04100801 0.00118540 0.08137412
v -0.04392884 0.00192818 0.08010183
v -0.04519596 0.00172437 0.07993846
v -0.05015707 0.00210029 0.07833942
v -0.05143493 0.00189195 0.07816615
v -0.05433428 0.00253055 0.07682455
v -0.05433428 0.00139827 0.07777505
v -0.00404667 -0.00559921 0.09154259
v -0.00290840 -0.00535464 0.09161189
v -0.00290840 -0.00440352 0.09122080
v -0.00099698 -0.00413178 0.09132476
v -0.01314203 -0.00382833 0.08960196
v -0.03221331 -0.00003293 0.08386920
v -0.06195850 0.00223616 0.07466610
v -0.05624570 0.00221804 0.07654732
v -0.05887659 0.00374435 0.07429976
v -0.06004707 0.00258490 0.07498789
v -0.05624570 0.00317369 0.07567107
v -0.06195850 0.00318727 0.07377500
v -0.06195850 0.00415650 0.07282449
v -0.06004707 0.00444637 0.07314628
v -0.05814638 0.00477246 0.07341856
v -0.05624570 0.00510309 0.07367104
v -0.05433428 0.00537936 0.07395817
v -0.05283091 0.00557865 0.07419579
v -0.05155305 0.00573716 0.07439382
v -0.04862149 0.00521632 0.07566611
v -0.04671006 0.00538389 0.07584434
v -0.04480938 0.00552882 0.07601760
v -0.04290869 0.00565111 0.07617602
v -0.04187781 0.00570999 0.07626513
v -0.03910732 0.00420632 0.07865626
v -0.03719590 0.00351337 0.07975034
v -0.03529521 0.00359942 0.07984439
v -0.03338379 0.00367189 0.07992361
v -0.03148311 0.00374435 0.07999786
v -0.00480909 -0.00049943 0.08722074
v -0.00290840 -0.00041790 0.08729005
v -0.01052188 0.00015730 0.08600785
v 0.01234003 -0.00476132 0.09214161
v 0.01372528 -0.00397326 0.09180497
v 0.00281513 -0.00387362 0.09147328
v 0.00281513 -0.00482473 0.09180991
v 0.00461917 -0.00457563 0.09180001
v 0.00662724 -0.00476132 0.09194358
v 0.01372528 -0.01237929 0.08894849
v 0.01042861 -0.01138742 0.08958711
v 0.00852792 -0.01040913 0.09011682
v 0.01234003 -0.01139648 0.08959206
v 0.00090371 -0.00857031 0.09060198
v 0.00673462 -0.00838914 0.09111188
v 0.00852792 -0.00863372 0.09106733
v -0.00099698 -0.00704853 0.09122575
v -0.00099698 -0.00609288 0.09169605
v -0.03529521 0.00173343 0.08182462
v -0.03719590 0.00256225 0.08075530
v -0.03910732 0.00243091 0.08060678
v -0.02958242 0.00015277 0.08403753
v -0.04100801 0.00224975 0.08041866
v -0.04290869 0.00204594 0.08021569
v -0.04671006 0.00354507 0.07791863
v -0.04862149 0.00329144 0.07770575
v -0.04862149 0.00233580 0.07854240
v -0.05068325 0.00278418 0.07759684
v -0.05239064 0.00297893 0.07696316
v -0.05172487 0.00388476 0.07634434
v -0.05299199 0.00369453 0.07616117
v -0.05433428 0.00348619 0.07596315
v -0.00099698 -0.00508289 0.09169605
v 0.00090371 -0.00398231 0.09140397
v -0.01370043 -0.00184910 0.08775045
v -0.01433399 -0.00269605 0.08844353
v -0.01624541 -0.00301308 0.08849799
v -0.05760947 0.00393911 0.07450273
v -0.05624570 0.00414745 0.07471561
v -0.05433428 0.00442372 0.07501264
v -0.05227252 0.00473170 0.07527997
v -0.05052217 0.00404780 0.07650771
v -0.05052217 0.00499892 0.07546809
v -0.04862149 0.00426520 0.07675524
v -0.04671006 0.00443278 0.07696811
v -0.04400400 0.00383947 0.07821071
v -0.04290869 0.00393458 0.07831467
v -0.04100801 0.00407951 0.07848794
v -0.03910732 0.00338203 0.07960676
v -0.03112874 0.00197347 0.08206225
v -0.02958242 0.00203688 0.08213650
v -0.01624541 -0.00005557 0.08573557
v -0.01052188 -0.00072588 0.08695836
v 0.00090371 -0.00621970 0.09175546
v 0.01042861 -0.00666808 0.09203764
v 0.01234003 -0.00666808 0.09209210
v 0.01372528 -0.00528217 0.09216141
v 0.01372528 -0.00476132 0.09217130
v 0.00090371 -0.00493796 0.09175546
v 0.01372528 -0.01137383 0.08958216
v 0.01042861 -0.01043630 0.09012178
v 0.01042861 -0.00866542 0.09107723
v 0.01234003 -0.01044083 0.09011682
v 0.00617623 -0.00756032 0.09148813
v 0.00852792 -0.00767807 0.09154753
v 0.00744335 -0.00763278 0.09152278
v 0.01234003 -0.00774148 0.09158219
v -0.03239587 0.00190553 0.08198799
v -0.04100801 0.00320539 0.07943845
v -0.01814610 -0.00015521 0.08562665
v -0.04527113 0.00370812 0.07807209
v -0.01243330 -0.00177211 0.08781481
v 0.00673462 -0.00682207 0.09183467
v 0.00471581 -0.00648692 0.09185942
v 0.00852792 -0.00666808 0.09197824
v 0.01372528 -0.00666808 0.09207725
v 0.01372528 -0.01041819 0.09010197
v 0.01234003 -0.00869712 0.09107228
v 0.01372528 -0.00771431 0.09156734
v 0.01372528 -0.00797246 0.09142872
f 1 2 3
f 1 3 4
f 1 4 5
f 1 5 6
f 1 6 7
f 1 7 2
f 2 7 8
f 2 8 9
f 2 9 10
f 2 10 11
f 2 11 3
f 3 11 12
f 3 12 13
f 3 13 4
f 4 13 14
f 4 14 15
f 4 15 16
f 4 16 5
f 5 16 17
f 5 17 18
f 5 18 6
f 6 18 19
f 6 19 20
f 6 20 21
f 6 21 7
f 7 22 8
f 7 21 23
f 7 23 22
f 8 24 25
f 8 25 9
f 8 22 24
f 9 25 26
f 9 26 10
f 10 26 27
f 10 27 28
f 10 28 29
f 10 29 30
f 10 30 11
f 11 30 12
f 12 30 31
f 12 31 32
f 12 32 33
f 12 33 34
f 12 34 13
f 13 34 35
f 13 35 36
f 13 36 37
f 13 37 14
f 14 38 15
f 14 37 38
f 15 38 16
f 16 39 17
f 16 38 40
f 16 40 39
f 17 39 41
f 17 41 18
f 18 41 19
f 19 41 42
f 19 42 43
f 19 43 20
f 20 43 44
f 20 44 45
f 20 45 21
f 21 45 46
f 21 46 23
f 22 47 24
f 22 23 48
f 22 48 47
f 23 46 48
f 24 47 25
f 25 49 26
f 25 47 50
f 25 50 51
f 25 51 49
f 26 52 27
f 26 49 52
f 27 53 54
f 27 54 55
f 27 55 28
f 27 52 53
f 28 55 29
f 29 55 56
f 29 56 57
f 29 57 30
f 30 57 58
f 30 58 31
f 31 58 32
f 32 58 33
f 33 58 34
f 34 58 35
f 35 58 59
f 35 59 60
f 35 60 61
f 35 61 62
f 35 62 37
f 35 37 36
f 37 63 64
f 37 64 65
f 37 65 66
f 37 66 67
f 37 67 38
f 37 62 63
f 38 67 40
f 39 40 68
f 39 68 69
f 39 69 70
f 39 70 41
f 40 67 71
f 40 71 68
f 41 70 72
f 41 72 42
f 42 72 73
f 42 73 74
f 42 74 75
f 42 75 43
f 43 75 74
f 43 74 76
f 43 76 77
f 43 77 44
f 44 77 78
f 44 78 79
f 44 79 45
f 45 79 46
f 46 79 80
f 46 80 81
f 46 81 82
f 46 82 48
f 47 83 50
f 47 48 84
f 47 84 83
f 48 82 85
f 48 85 84
f 49 51 54
f 49 54 52
f 50 83 51
f 51 86 87
f 51 87 54
f 51 83 88
f 51 88 86
f 52 54 53
f 54 87 89
f 54 89 57
f 54 57 55
f 55 57 56
f 57 89 134
f 57 134 193
f 57 193 192
f 57 192 247
f 57 247 246
f 57 246 311
f 57 311 387
f 57 387 386
f 57 386 385
f 57 385 384
f 57 384 383
f 57 383 382
f 57 382 381
f 57 381 380
f 57 380 379
f 57 379 378
f 57 378 377
f 57 377 461
f 57 461 460
f 57 460 459
f 57 459 458
f 57 458 457
f 57 457 542
f 57 542 623
f 57 623 699
f 57 699 793
f 57 793 921
f 57 921 1023
f 57 1023 1118
f 57 1118 1226
f 57 1226 1231
f 57 1231 1324
f 57 1324 1323
f 57 1323 1405
f 57 1405 1492
f 57 1492 1560
f 57 1560 1613
f 57 1613 1612
f 57 1612 1631
f 57 1631 1634
f 57 1634 1635
f 57 1635 1632
f 57 1632 1615
f 57 1615 1565
f 57 1565 1497
f 57 1497 1494
f 57 1494 1410
f 57 1410 1409
f 57 1409 1407
f 57 1407 1326
f 57 1326 1233
f 57 1233 1232
f 57 1232 1122
f 57 1122 1026
f 57 1026 922
f 57 922 799
f 57 799 798
f 57 798 704
f 57 704 627
f 57 627 626
f 57 626 554
f 57 554 553
f 57 553 552
f 57 552 545
f 57 545 463
f 57 463 390
f 57 390 313
f 57 313 249
f 57 249 197
f 57 197 195
f 57 195 135
f 57 135 90
f 57 90 59
f 57 59 58
f 59 90 91
f 59 91 92
f 59 92 93
f 59 93 61
f 59 61 60
f 61 94 95
f 61 95 62
f 61 93 94
f 62 95 63
f 63 95 64
f 64 95 96
f 64 96 97
f 64 97 98
f 64 98 65
f 65 98 66
f 66 99 67
f 66 98 100
f 66 100 99
f 67 99 101
f 67 101 71
f 68 102 69
f 68 71 103
f 68 103 102
f 69 102 104
f 69 104 105
f 69 105 70
f 70 105 106
f 70 106 72
f 71 101 103
f 72 106 107
f 72 107 73
f 73 108 109
f 73 109 74
f 73 107 108
f 74 109 110
f 74 110 111
f 74 111 112
f 74 112 113
f 74 113 114
f 74 114 76
f 76 114 115
f 76 115 116
f 76 116 117
f 76 117 118
f 76 118 119
f 76 119 77
f 77 119 78
f 78 119 120
f 78 120 121
f 78 121 122
f 78 122 79
f 79 122 80
f 80 122 123
f 80 123 81
f 81 123 124
f 81 124 82
f 82 124 85
f 83 84 125
f 83 125 126
f 83 126 88
f 84 85 127
f 84 127 125
f 85 124 128
f 85 128 127
f 86 129 130
f 86 130 131
f 86 131 87
f 86 88 132
f 86 132 133
f 86 133 129
f 87 131 89
f 88 126 132
f 89 131 130
f 89 130 134
f 90 135 136
f 90 136 137
f 90 137 91
f 91 137 138
f 91 138 92
f 92 138 139
f 92 139 140
f 92 140 141
f 92 141 93
f 93 141 94
f 94 142 143
f 94 143 95
f 94 141 142
f 95 143 96
f 96 143 144
f 96 144 97
f 97 144 98
f 98 144 145
f 98 145 100
f 99 100 146
f 99 146 147
f 99 147 148
f 99 148 101
f 100 145 149
f 100 149 146
f 101 148 150
f 101 150 103
f 102 103 151
f 102 151 152
f 102 152 104
f 103 150 151
f 104 152 153
f 104 153 154
f 104 154 155
f 104 155 105
f 105 155 106
f 106 155 156
f 106 156 157
f 106 157 107
f 107 157 156
f 107 156 158
f 107 158 108
f 108 159 160
f 108 160 109
f 108 158 161
f 108 161 159
f 109 160 110
f 110 162 163
f 110 163 164
f 110 164 113
f 110 113 112
f 110 112 111
f 110 160 162
f 113 164 165
f 113 165 166
f 113 166 167
f 113 167 115
f 113 115 168
f 113 168 114
f 114 168 115
f 115 167 169
f 115 169 170
f 115 170 117
f 115 117 116
f 117 171 120
f 117 120 119
f 117 119 118
f 117 170 172
f 117 172 173
f 117 173 171
f 120 171 174
f 120 174 175
f 120 175 176
f 120 176 177
f 120 177 121
f 121 177 176
f 121 176 122
f 122 176 178
f 122 178 179
f 122 179 180
f 122 180 123
f 123 180 181
f 123 181 124
f 124 181 182
f 124 182 128
f 125 183 184
f 125 184 126
f 125 127 185
f 125 185 183
f 126 184 186
f 126 186 132
f 127 128 187
f 127 187 185
f 128 182 188
f 128 188 189
f 128 189 187
f 129 133 130
f 130 133 190
f 130 190 191
f 130 191 192
f 130 192 193
f 130 193 134
f 132 186 133
f 133 186 194
f 133 194 190
f 135 195 136
f 136 196 137
f 136 195 197
f 136 197 196
f 137 196 198
f 137 198 199
f 137 199 200
f 137 200 138
f 138 200 201
f 138 201 140
f 138 140 139
f 140 201 255
f 140 255 202
f 140 202 203
f 140 203 204
f 140 204 142
f 140 142 141
f 142 204 144
f 142 144 143
f 144 204 145
f 145 203 149
f 145 204 203
f 146 149 203
f 146 203 205
f 146 205 147
f 147 205 206
f 147 206 207
f 147 207 148
f 148 207 208
f 148 208 150
f 150 208 209
f 150 209 151
f 151 209 210
f 151 210 152
f 152 210 211
f 152 211 153
f 153 211 212
f 153 212 154
f 154 212 213
f 154 213 156
f 154 156 155
f 156 213 214
f 156 214 158
f 158 215 216
f 158 216 217
f 158 217 161
f 158 214 215
f 159 161 217
f 159 217 218
f 159 218 162
f 159 162 160
f 162 218 219
f 162 219 165
f 162 165 163
f 163 165 164
f 165 220 166
f 165 219 221
f 165 221 220
f 166 220 167
f 167 220 222
f 167 222 223
f 167 223 224
f 167 224 225
f 167 225 169
f 169 225 226
f 169 226 172
f 169 172 170
f 171 173 227
f 171 227 228
f 171 228 174
f 172 226 173
f 173 174 227
f 173 226 229
f 173 229 230
f 173 230 174
f 174 228 227
f 174 230 231
f 174 231 232
f 174 232 233
f 174 233 181
f 174 181 178
f 174 178 234
f 174 234 176
f 174 176 175
f 176 234 178
f 178 181 179
f 179 181 180
f 181 233 235
f 181 235 182
f 182 236 188
f 182 235 237
f 182 237 238
f 182 238 236
f 183 239 240
f 183 240 184
f 183 185 239
f 184 240 186
f 185 241 239
f 185 187 241
f 186 240 194
f 187 242 241
f 187 189 242
f 188 236 189
f 189 236 243
f 189 243 242
f 190 194 244
f 190 244 245
f 190 245 191
f 191 245 246
f 191 246 247
f 191 247 192
f 194 240 248
f 194 248 244
f 196 197 198
f 197 249 198
f 198 250 251
f 198 251 252
f 198 252 200
f 198 200 199
f 198 249 250
f 200 252 253
f 200 253 254
f 200 254 255
f 200 255 201
f 202 255 256
f 202 256 203
f 203 256 205
f 205 256 206
f 206 256 257
f 206 257 258
f 206 258 207
f 207 258 259
f 207 259 260
f 207 260 261
f 207 261 208
f 208 261 262
f 208 262 263
f 208 263 209
f 209 263 264
f 209 264 265
f 209 265 210
f 210 266 267
f 210 267 211
f 210 265 266
f 211 267 212
f 212 268 213
f 212 267 268
f 213 268 269
f 213 269 214
f 214 269 270
f 214 270 271
f 214 271 215
f 215 271 272
f 215 272 273
f 215 273 274
f 215 274 216
f 216 274 217
f 217 274 275
f 217 275 218
f 218 275 219
f 219 276 277
f 219 277 221
f 219 275 278
f 219 278 276
f 220 279 280
f 220 280 281
f 220 281 282
f 220 282 222
f 220 221 277
f 220 277 283
f 220 283 284
f 220 284 285
f 220 285 279
f 222 282 286
f 222 286 223
f 223 286 287
f 223 287 288
f 223 288 224
f 224 288 289
f 224 289 290
f 224 290 225
f 225 290 229
f 225 229 226
f 229 290 291
f 229 291 292
f 229 292 230
f 230 292 293
f 230 293 294
f 230 294 295
f 230 295 296
f 230 296 231
f 231 296 232
f 232 296 297
f 232 297 243
f 232 243 236
f 232 236 237
f 232 237 235
f 232 235 233
f 236 238 237
f 239 298 240
f 239 241 298
f 240 298 248
f 241 299 300
f 241 300 298
f 241 242 301
f 241 301 299
f 242 302 303
f 242 303 301
f 242 243 304
f 242 304 302
f 243 297 305
f 243 305 306
f 243 306 307
f 243 307 308
f 243 308 304
f 244 309 310
f 244 310 245
f 244 248 309
f 245 310 311
f 245 311 246
f 248 298 312
f 248 312 309
f 249 313 314
f 249 314 315
f 249 315 316
f 249 316 250
f 250 316 315
f 250 315 317
f 250 317 318
f 250 318 251
f 251 318 252
f 252 318 319
f 252 319 320
f 252 320 321
f 252 321 253
f 253 321 254
f 254 321 322
f 254 322 255
f 255 322 257
f 255 257 256
f 257 322 259
f 257 259 258
f 259 323 260
f 259 322 323
f 260 324 262
f 260 262 261
f 260 323 325
f 260 325 324
f 262 324 326
f 262 326 327
f 262 327 264
f 262 264 263
f 264 327 328
f 264 328 329
f 264 329 330
f 264 330 266
f 264 266 265
f 266 331 267
f 266 330 331
f 267 332 268
f 267 331 332
f 268 333 269
f 268 332 333
f 269 333 270
f 270 333 405
f 270 405 334
f 270 334 271
f 271 335 272
f 271 334 336
f 271 336 337
f 271 337 335
f 272 335 338
f 272 338 339
f 272 339 273
f 273 339 340
f 273 340 274
f 274 340 278
f 274 278 275
f 276 341 342
f 276 342 343
f 276 343 283
f 276 283 277
f 276 278 340
f 276 340 341
f 279 285 344
f 279 344 280
f 280 344 345
f 280 345 346
f 280 346 347
f 280 347 281
f 281 347 282
f 282 348 349
f 282 349 286
f 282 347 350
f 282 350 351
f 282 351 348
f 283 343 284
f 284 343 342
f 284 342 352
f 284 352 285
f 285 352 344
f 286 353 354
f 286 354 287
f 286 349 353
f 287 354 355
f 287 355 356
f 287 356 288
f 288 357 289
f 288 356 357
f 289 358 293
f 289 293 292
f 289 292 290
f 289 357 358
f 290 292 291
f 293 358 359
f 293 359 294
f 294 359 360
f 294 360 295
f 295 360 296
f 296 360 361
f 296 361 297
f 297 362 363
f 297 363 364
f 297 364 305
f 297 361 362
f 298 365 312
f 298 300 365
f 299 366 367
f 299 367 300
f 299 301 368
f 299 368 366
f 300 367 365
f 301 369 368
f 301 303 370
f 301 370 369
f 302 371 303
f 302 304 372
f 302 372 371
f 303 371 373
f 303 373 370
f 304 308 374
f 304 374 372
f 305 364 374
f 305 374 306
f 306 374 307
f 307 374 308
f 309 312 375
f 309 375 376
f 309 376 377
f 309 377 378
f 309 378 379
f 309 379 380
f 309 380 381
f 309 381 310
f 310 381 382
f 310 382 383
f 310 383 384
f 310 384 385
f 310 385 386
f 310 386 387
f 310 387 311
f 312 365 388
f 312 388 389
f 312 389 375
f 313 390 391
f 313 391 314
f 314 391 392
f 314 392 393
f 314 393 315
f 315 393 394
f 315 394 395
f 315 395 396
f 315 396 397
f 315 397 317
f 317 397 398
f 317 398 399
f 317 399 319
f 317 319 318
f 319 399 325
f 319 325 321
f 319 321 320
f 321 325 322
f 322 325 323
f 324 325 326
f 325 399 400
f 325 400 326
f 326 400 328
f 326 328 327
f 328 400 401
f 328 401 402
f 328 402 331
f 328 331 329
f 329 331 330
f 331 402 332
f 332 403 333
f 332 402 404
f 332 404 403
f 333 403 405
f 334 405 406
f 334 406 336
f 335 337 407
f 335 407 338
f 336 406 408
f 336 408 337
f 337 409 407
f 337 408 410
f 337 410 409
f 338 411 339
f 338 407 411
f 339 411 341
f 339 341 340
f 341 411 342
f 342 411 412
f 342 412 413
f 342 413 345
f 342 345 352
f 344 352 345
f 345 413 414
f 345 414 346
f 346 414 415
f 346 415 347
f 347 415 416
f 347 416 417
f 347 417 418
f 347 418 350
f 348 419 349
f 348 351 420
f 348 420 421
f 348 421 419
f 349 419 422
f 349 422 353
f 350 418 351
f 351 418 423
f 351 423 424
f 351 424 425
f 351 425 426
f 351 426 420
f 353 422 354
f 354 422 427
f 354 427 355
f 355 427 428
f 355 428 429
f 355 429 430
f 355 430 431
f 355 431 356
f 356 431 432
f 356 432 357
f 357 432 358
f 358 432 359
f 359 432 433
f 359 433 434
f 359 434 435
f 359 435 360
f 360 435 361
f 361 363 362
f 361 435 436
f 361 436 437
f 361 437 438
f 361 438 439
f 361 439 440
f 361 440 363
f 363 440 441
f 363 441 364
f 364 441 372
f 364 372 374
f 365 442 443
f 365 443 388
f 365 367 366
f 365 366 444
f 365 444 442
f 366 445 446
f 366 446 447
f 366 447 444
f 366 368 448
f 366 448 445
f 368 369 449
f 368 449 445
f 368 445 448
f 369 450 451
f 369 451 452
f 369 452 449
f 369 370 453
f 369 453 439
f 369 439 454
f 369 454 455
f 369 455 450
f 370 373 372
f 370 372 453
f 371 372 373
f 372 441 453
f 375 389 376
f 376 389 456
f 376 456 457
f 376 457 458
f 376 458 459
f 376 459 460
f 376 460 461
f 376 461 377
f 388 443 389
f 389 443 462
f 389 462 456
f 390 463 391
f 391 464 465
f 391 465 466
f 391 466 392
f 391 463 467
f 391 467 464
f 392 466 394
f 392 394 393
f 394 466 468
f 394 468 469
f 394 469 470
f 394 470 471
f 394 471 472
f 394 472 473
f 394 473 395
f 395 473 396
f 396 473 474
f 396 474 397
f 397 474 398
f 398 474 475
f 398 475 400
f 398 400 399
f 400 475 401
f 401 475 476
f 401 476 477
f 401 477 402
f 402 477 478
f 402 478 403
f 402 403 404
f 403 478 479
f 403 479 405
f 405 479 480
f 405 480 406
f 406 480 481
f 406 481 408
f 407 409 482
f 407 482 483
f 407 483 484
f 407 484 411
f 408 481 485
f 408 485 486
f 408 486 487
f 408 487 410
f 409 410 488
f 409 488 489
f 409 489 490
f 409 490 482
f 410 487 491
f 410 491 488
f 411 484 412
f 412 484 483
f 412 483 492
f 412 492 413
f 413 492 493
f 413 493 414
f 414 493 415
f 415 493 494
f 415 494 495
f 415 495 496
f 415 496 497
f 415 497 416
f 416 423 417
f 416 497 423
f 417 423 418
f 419 498 422
f 419 421 499
f 419 499 500
f 419 500 501
f 419 501 498
f 420 426 502
f 420 502 503
f 420 503 504
f 420 504 421
f 421 504 499
f 422 505 506
f 422 506 507
f 422 507 427
f 422 498 505
f 423 497 508
f 423 508 509
f 423 509 510
f 423 510 424
f 424 510 425
f 425 510 511
f 425 511 426
f 426 511 502
f 427 507 512
f 427 512 428
f 428 512 429
f 429 512 513
f 429 513 514
f 429 514 515
f 429 515 516
f 429 516 430
f 430 516 431
f 431 516 433
f 431 433 432
f 433 516 434
f 434 516 517
f 434 517 518
f 434 518 435
f 435 518 519
f 435 519 436
f 436 519 520
f 436 520 437
f 437 521 522
f 437 522 523
f 437 523 438
f 437 520 519
f 437 519 521
f 438 523 524
f 438 524 454
f 438 454 439
f 439 453 440
f 440 453 441
f 442 525 443
f 442 444 447
f 442 447 525
f 443 525 526
f 443 526 447
f 443 447 462
f 445 527 528
f 445 528 446
f 445 449 527
f 446 528 529
f 446 529 530
f 446 530 447
f 447 530 462
f 447 526 525
f 449 452 527
f 450 531 532
f 450 532 533
f 450 533 534
f 450 534 451
f 450 455 535
f 450 535 522
f 450 522 536
f 450 536 537
f 450 537 531
f 451 534 452
f 452 534 538
f 452 538 527
f 454 524 455
f 455 524 535
f 456 462 539
f 456 539 540
f 456 540 541
f 456 541 457
f 457 541 543
f 457 543 544
f 457 544 542
f 462 530 540
f 462 540 539
f 463 545 467
f 464 467 546
f 464 546 547
f 464 547 465
f 465 547 548
f 465 548 466
f 466 548 549
f 466 549 550
f 466 550 468
f 467 551 546
f 467 545 552
f 467 552 553
f 467 553 554
f 467 554 551
f 468 555 469
f 468 550 556
f 468 556 555
f 469 555 557
f 469 557 558
f 469 558 559
f 469 559 560
f 469 560 470
f 470 560 561
f 470 561 471
f 471 561 472
f 472 561 474
f 472 474 473
f 474 561 562
f 474 562 475
f 475 562 476
f 476 562 563
f 476 563 564
f 476 564 477
f 477 564 565
f 477 565 479
f 477 479 478
f 479 565 480
f 480 565 566
f 480 566 481
f 481 566 564
f 481 564 485
f 482 567 483
f 482 490 567
f 483 568 492
f 483 567 568
f 485 564 569
f 485 569 486
f 486 569 570
f 486 570 487
f 487 570 571
f 487 571 572
f 487 572 491
f 488 491 573
f 488 573 489
f 489 574 575
f 489 575 490
f 489 573 574
f 490 575 567
f 491 572 573
f 492 494 493
f 492 568 494
f 494 568 567
f 494 567 576
f 494 576 495
f 495 576 577
f 495 577 496
f 496 577 497
f 497 577 508
f 498 578 505
f 498 501 579
f 498 579 578
f 499 504 580
f 499 580 581
f 499 581 500
f 500 581 582
f 500 582 501
f 501 582 583
f 501 583 579
f 502 580 503
f 502 511 584
f 502 584 580
f 503 580 504
f 505 578 506
f 506 578 585
f 506 585 586
f 506 586 587
f 506 587 588
f 506 588 589
f 506 589 590
f 506 590 507
f 507 590 512
f 508 577 591
f 508 591 592
f 508 592 593
f 508 593 509
f 509 593 594
f 509 594 510
f 510 594 595
f 510 595 596
f 510 596 511
f 511 596 584
f 512 590 589
f 512 589 597
f 512 597 598
f 512 598 513
f 513 598 599
f 513 599 514
f 514 599 600
f 514 600 601
f 514 601 515
f 515 601 602
f 515 602 516
f 516 602 517
f 517 602 603
f 517 603 518
f 518 603 604
f 518 604 519
f 519 604 603
f 519 603 605
f 519 605 606
f 519 606 522
f 519 522 521
f 522 606 607
f 522 607 608
f 522 608 536
f 522 535 524
f 522 524 523
f 527 538 609
f 527 609 528
f 528 609 610
f 528 610 529
f 529 610 611
f 529 611 612
f 529 612 530
f 530 612 544
f 530 544 540
f 531 613 614
f 531 614 532
f 531 537 613
f 532 614 615
f 532 615 533
f 533 615 616
f 533 616 534
f 534 616 617
f 534 617 538
f 536 608 618
f 536 618 619
f 536 619 620
f 536 620 537
f 537 620 613
f 538 617 621
f 538 621 622
f 538 622 609
f 540 544 541
f 541 544 543
f 542 544 623
f 544 611 624
f 544 624 623
f 544 612 611
f 546 625 547
f 546 551 626
f 546 626 627
f 546 627 628
f 546 628 625
f 547 625 629
f 547 629 550
f 547 550 549
f 547 549 548
f 550 629 556
f 551 554 626
f 555 630 557
f 555 556 630
f 556 629 631
f 556 631 630
f 557 632 634
f 557 634 558
f 557 630 633
f 557 633 632
f 558 634 635
f 558 635 636
f 558 636 637
f 558 637 638
f 558 638 559
f 559 638 639
f 559 639 640
f 559 640 641
f 559 641 560
f 560 641 642
f 560 642 643
f 560 643 561
f 561 643 562
f 562 643 563
f 563 643 644
f 563 644 569
f 563 569 564
f 564 566 565
f 567 575 645
f 567 645 576
f 569 644 570
f 570 644 646
f 570 646 647
f 570 647 571
f 571 647 648
f 571 648 573
f 571 573 572
f 573 648 574
f 574 648 649
f 574 649 575
f 575 650 645
f 575 649 651
f 575 651 650
f 576 645 652
f 576 652 577
f 577 652 653
f 577 653 654
f 577 654 592
f 577 592 591
f 578 655 586
f 578 586 585
f 578 579 656
f 578 656 655
f 579 583 657
f 579 657 656
f 580 584 658
f 580 658 659
f 580 659 660
f 580 660 661
f 580 661 662
f 580 662 581
f 581 662 663
f 581 663 582
f 582 657 583
f 582 663 657
f 584 664 659
f 584 659 658
f 584 596 665
f 584 665 666
f 584 666 664
f 586 655 667
f 586 667 587
f 587 668 588
f 587 667 669
f 587 669 668
f 588 670 589
f 588 668 670
f 589 671 597
f 589 670 671
f 592 654 672
f 592 672 673
f 592 673 593
f 593 674 594
f 593 673 674
f 594 674 595
f 595 674 665
f 595 665 596
f 597 671 598
f 598 670 675
f 598 675 676
f 598 676 599
f 598 671 670
f 599 676 677
f 599 677 600
f 600 677 678
f 600 678 601
f 601 678 679
f 601 679 680
f 601 680 602
f 602 680 603
f 603 680 605
f 605 680 681
f 605 681 682
f 605 682 683
f 605 683 606
f 606 683 682
f 606 682 607
f 607 682 608
f 608 682 618
f 609 622 684
f 609 684 610
f 610 684 611
f 611 684 685
f 611 685 624
f 613 620 686
f 613 686 687
f 613 687 614
f 614 687 688
f 614 688 689
f 614 689 615
f 615 689 690
f 615 690 691
f 615 691 692
f 615 692 616
f 616 692 617
f 617 692 621
f 618 682 693
f 618 693 694
f 618 694 695
f 618 695 686
f 618 686 619
f 619 686 620
f 621 692 696
f 621 696 697
f 621 697 622
f 622 697 698
f 622 698 684
f 623 624 685
f 623 685 700
f 623 700 701
f 623 701 699
f 625 628 702
f 625 702 703
f 625 703 633
f 625 633 629
f 627 704 628
f 628 704 705
f 628 705 702
f 629 633 631
f 630 631 633
f 632 633 706
f 632 706 634
f 633 703 707
f 633 707 706
f 634 708 709
f 634 709 710
f 634 710 711
f 634 711 712
f 634 712 635
f 634 706 713
f 634 713 714
f 634 714 715
f 634 715 716
f 634 716 708
f 635 712 717
f 635 717 636
f 636 718 637
f 636 717 719
f 636 719 720
f 636 720 718
f 637 718 720
f 637 720 639
f 637 639 638
f 639 720 721
f 639 721 640
f 640 721 641
f 641 721 722
f 641 722 642
f 642 646 644
f 642 644 643
f 642 722 646
f 645 650 652
f 646 722 723
f 646 723 724
f 646 724 647
f 647 724 725
f 647 725 726
f 647 726 648
f 648 727 649
f 648 726 725
f 648 725 728
f 648 728 727
f 649 727 729
f 649 729 651
f 650 651 730
f 650 730 652
f 651 729 730
f 652 730 653
f 653 730 731
f 653 731 732
f 653 732 672
f 653 672 654
f 655 733 667
f 655 656 734
f 655 734 733
f 656 657 735
f 656 735 734
f 657 663 736
f 657 736 735
f 659 664 737
f 659 737 738
f 659 738 739
f 659 739 740
f 659 740 741
f 659 741 742
f 659 742 661
f 659 661 660
f 661 663 662
f 661 742 663
f 663 742 743
f 663 743 744
f 663 744 736
f 664 666 737
f 665 737 666
f 665 674 745
f 665 745 746
f 665 746 747
f 665 747 737
f 667 733 748
f 667 748 669
f 668 669 749
f 668 749 675
f 668 675 670
f 669 750 749
f 669 748 751
f 669 751 752
f 669 752 753
f 669 753 750
f 672 732 754
f 672 754 673
f 673 754 755
f 673 755 674
f 674 755 756
f 674 756 745
f 675 749 757
f 675 757 676
f 676 758 678
f 676 678 677
f 676 757 759
f 676 759 760
f 676 760 761
f 676 761 762
f 676 762 763
f 676 763 758
f 678 681 679
f 678 758 764
f 678 764 765
f 678 765 766
f 678 766 767
f 678 767 768
f 678 768 769
f 678 769 681
f 679 681 680
f 681 769 770
f 681 770 771
f 681 771 694
f 681 694 772
f 681 772 682
f 682 772 694
f 682 694 693
f 684 698 701
f 684 701 685
f 685 701 700
f 686 773 774
f 686 774 775
f 686 775 687
f 686 695 776
f 686 776 773
f 687 777 688
f 687 775 774
f 687 774 777
f 688 777 778
f 688 778 779
f 688 779 689
f 689 779 780
f 689 780 690
f 690 780 781
f 690 781 782
f 690 782 783
f 690 783 691
f 691 783 782
f 691 782 784
f 691 784 692
f 692 784 697
f 692 697 696
f 694 771 785
f 694 785 786
f 694 786 787
f 694 787 788
f 694 788 695
f 695 788 787
f 695 787 789
f 695 789 790
f 695 790 774
f 695 774 773
f 695 773 776
f 697 784 791
f 697 791 698
f 698 791 701
f 699 792 793
f 699 701 794
f 699 794 791
f 699 791 795
f 699 795 792
f 701 791 794
f 702 796 703
f 702 705 796
f 703 796 797
f 703 797 707
f 704 798 705
f 705 798 799
f 705 799 796
f 706 707 800
f 706 800 801
f 706 801 713
f 707 797 800
f 708 802 803
f 708 803 709
f 708 716 804
f 708 804 802
f 709 803 805
f 709 805 806
f 709 806 807
f 709 807 710
f 710 807 808
f 710 808 809
f 710 809 810
f 710 810 811
f 710 811 812
f 710 812 711
f 711 813 814
f 711 814 712
f 711 812 815
f 711 815 816
f 711 816 813
f 712 814 817
f 712 817 818
f 712 818 819
f 712 819 717
f 713 801 714
f 714 801 715
f 715 801 716
f 716 801 820
f 716 820 821
f 716 821 822
f 716 822 823
f 716 823 804
f 717 819 824
f 717 824 825
f 717 825 826
f 717 826 827
f 717 827 828
f 717 828 829
f 717 829 830
f 717 830 831
f 717 831 832
f 717 832 720
f 717 720 719
f 720 832 721
f 721 832 722
f 722 832 830
f 722 830 723
f 723 830 724
f 724 830 833
f 724 833 725
f 725 833 834
f 725 834 835
f 725 835 728
f 727 836 837
f 727 837 729
f 727 728 835
f 727 835 836
f 729 837 730
f 730 837 731
f 731 754 732
f 731 837 838
f 731 838 754
f 733 839 840
f 733 840 748
f 733 734 841
f 733 841 842
f 733 842 843
f 733 843 839
f 734 844 842
f 734 842 841
f 734 735 845
f 734 845 846
f 734 846 844
f 735 736 744
f 735 744 847
f 735 847 848
f 735 848 845
f 737 849 738
f 737 747 850
f 737 850 849
f 738 849 851
f 738 851 739
f 739 851 852
f 739 852 853
f 739 853 854
f 739 854 855
f 739 855 856
f 739 856 857
f 739 857 858
f 739 858 859
f 739 859 740
f 740 859 741
f 741 859 742
f 742 859 860
f 742 860 743
f 743 860 859
f 743 859 861
f 743 861 744
f 744 861 847
f 745 756 746
f 746 756 755
f 746 755 862
f 746 862 863
f 746 863 747
f 747 863 864
f 747 864 865
f 747 865 866
f 747 866 867
f 747 867 868
f 747 868 850
f 748 840 751
f 749 750 869
f 749 869 870
f 749 870 757
f 750 753 869
f 751 840 871
f 751 871 872
f 751 872 752
f 752 872 873
f 752 873 874
f 752 874 875
f 752 875 876
f 752 876 753
f 753 876 875
f 753 875 877
f 753 877 878
f 753 878 869
f 754 838 879
f 754 879 880
f 754 880 881
f 754 881 755
f 755 881 862
f 757 870 759
f 758 763 762
f 758 762 882
f 758 882 883
f 758 883 884
f 758 884 885
f 758 885 764
f 759 870 886
f 759 886 887
f 759 887 760
f 760 887 888
f 760 888 889
f 760 889 762
f 760 762 761
f 762 883 882
f 762 889 890
f 762 890 891
f 762 891 892
f 762 892 883
f 764 885 893
f 764 893 765
f 765 893 894
f 765 894 895
f 765 895 766
f 766 895 767
f 767 895 896
f 767 896 897
f 767 897 768
f 768 785 769
f 768 897 787
f 768 787 785
f 769 785 770
f 770 785 771
f 774 790 898
f 774 898 899
f 774 899 900
f 774 900 901
f 774 901 902
f 774 902 777
f 777 902 778
f 778 902 903
f 778 903 779
f 779 903 904
f 779 904 905
f 779 905 780
f 780 905 906
f 780 906 781
f 781 906 907
f 781 907 908
f 781 908 782
f 782 908 907
f 782 907 909
f 782 909 784
f 784 909 910
f 784 910 791
f 785 787 786
f 787 897 895
f 787 895 911
f 787 911 912
f 787 912 913
f 787 913 914
f 787 914 789
f 789 914 790
f 790 914 915
f 790 915 898
f 791 910 916
f 791 916 917
f 791 917 795
f 792 918 793
f 792 795 919
f 792 919 920
f 792 920 918
f 793 918 921
f 795 917 916
f 795 916 919
f 796 799 922
f 796 922 797
f 797 922 923
f 797 923 924
f 797 924 800
f 800 925 801
f 800 924 925
f 801 926 927
f 801 927 820
f 801 925 926
f 802 805 803
f 802 804 928
f 802 928 805
f 804 823 929
f 804 929 928
f 805 928 930
f 805 930 806
f 806 930 807
f 807 930 931
f 807 931 932
f 807 932 933
f 807 933 808
f 808 933 809
f 809 933 810
f 810 933 811
f 811 933 812
f 812 933 934
f 812 934 935
f 812 935 815
f 813 816 936
f 813 936 814
f 814 936 817
f 815 935 937
f 815 937 938
f 815 938 936
f 815 936 816
f 817 936 939
f 817 939 940
f 817 940 864
f 817 864 941
f 817 941 942
f 817 942 818
f 818 942 943
f 818 943 944
f 818 944 819
f 819 944 824
f 820 927 945
f 820 945 821
f 821 945 822
f 822 945 946
f 822 946 823
f 823 946 929
f 824 944 947
f 824 947 948
f 824 948 825
f 825 948 826
f 826 948 949
f 826 949 950
f 826 950 827
f 827 950 836
f 827 836 835
f 827 835 834
f 827 834 833
f 827 833 828
f 828 833 830
f 828 830 829
f 830 832 831
f 836 950 949
f 836 949 837
f 837 949 879
f 837 879 838
f 839 871 840
f 839 843 871
f 842 844 846
f 842 846 951
f 842 951 952
f 842 952 953
f 842 953 843
f 843 953 954
f 843 954 872
f 843 872 871
f 845 848 846
f 846 955 956
f 846 956 957
f 846 957 951
f 846 848 955
f 847 861 958
f 847 958 848
f 848 958 959
f 848 959 960
f 848 960 961
f 848 961 962
f 848 962 956
f 848 956 955
f 849 850 852
f 849 852 851
f 850 868 852
f 852 868 963
f 852 963 853
f 853 963 964
f 853 964 965
f 853 965 855
f 853 855 966
f 853 966 854
f 854 966 855
f 855 967 968
f 855 968 856
f 855 965 969
f 855 969 970
f 855 970 967
f 856 968 857
f 857 971 858
f 857 968 971
f 858 971 972
f 858 972 859
f 859 972 973
f 859 973 861
f 861 973 959
f 861 959 958
f 862 881 943
f 862 943 941
f 862 941 864
f 862 864 863
f 864 940 974
f 864 974 865
f 865 974 866
f 866 975 976
f 866 976 964
f 866 964 868
f 866 868 867
f 866 974 940
f 866 940 975
f 868 964 963
f 869 878 870
f 870 878 877
f 870 877 887
f 870 887 886
f 872 954 873
f 873 954 977
f 873 977 874
f 874 977 978
f 874 978 875
f 875 978 979
f 875 979 980
f 875 980 877
f 877 980 887
f 879 949 948
f 879 948 947
f 879 947 880
f 880 947 944
f 880 944 943
f 880 943 881
f 883 892 981
f 883 981 982
f 883 982 983
f 883 983 984
f 883 984 884
f 884 984 983
f 884 983 985
f 884 985 885
f 885 985 986
f 885 986 987
f 885 987 893
f 887 980 988
f 887 988 888
f 888 989 990
f 888 990 991
f 888 991 992
f 888 992 993
f 888 993 890
f 888 890 889
f 888 988 994
f 888 994 989
f 890 993 995
f 890 995 891
f 891 995 996
f 891 996 981
f 891 981 892
f 893 987 997
f 893 997 998
f 893 998 894
f 894 998 895
f 895 897 896
f 895 998 911
f 898 915 899
f 899 999 900
f 899 915 1000
f 899 1000 999
f 900 999 901
f 901 1001 902
f 901 999 1002
f 901 1002 1003
f 901 1003 1004
f 901 1004 1001
f 902 1001 903
f 903 1004 904
f 903 1001 1004
f 904 1005 1006
f 904 1006 906
f 904 906 905
f 904 1004 1005
f 906 1006 1007
f 906 1007 907
f 907 1007 1008
f 907 1008 909
f 909 1008 1009
f 909 1009 910
f 910 1009 1010
f 910 1010 1011
f 910 1011 916
f 911 998 1012
f 911 1012 912
f 912 1012 913
f 913 1012 1013
f 913 1013 1014
f 913 1014 1000
f 913 1000 915
f 913 915 914
f 916 1011 919
f 918 920 1015
f 918 1015 1016
f 918 1016 1017
f 918 1017 921
f 919 1011 920
f 920 1011 1018
f 920 1018 1019
f 920 1019 1020
f 920 1020 1021
f 920 1021 1022
f 920 1022 1015
f 921 1017 1024
f 921 1024 1025
f 921 1025 1023
f 922 1026 1027
f 922 1027 1028
f 922 1028 923
f 923 1028 924
f 924 1028 1029
f 924 1029 925
f 925 1029 1030
f 925 1030 926
f 926 1030 927
f 927 1031 945
f 927 1030 1031
f 928 929 1032
f 928 1032 1033
f 928 1033 1034
f 928 1034 931
f 928 931 930
f 929 946 1032
f 931 1034 1035
f 931 1035 1036
f 931 1036 933
f 931 933 932
f 933 1036 934
f 934 1036 1037
f 934 1037 1038
f 934 1038 1039
f 934 1039 1040
f 934 1040 1041
f 934 1041 1042
f 934 1042 1043
f 934 1043 935
f 935 1044 1045
f 935 1045 938
f 935 938 937
f 935 1043 1044
f 936 938 1046
f 936 1046 940
f 936 940 939
f 938 1045 1047
f 938 1047 1048
f 938 1048 940
f 938 940 1046
f 940 1048 1049
f 940 1049 975
f 941 943 942
f 945 1031 1050
f 945 1050 946
f 946 1050 1032
f 951 957 952
f 952 954 953
f 952 957 956
f 952 956 1051
f 952 1051 1052
f 952 1052 954
f 954 1052 977
f 956 962 1053
f 956 1053 1054
f 956 1054 1055
f 956 1055 1051
f 959 973 1056
f 959 1056 960
f 960 1056 1057
f 960 1057 1058
f 960 1058 961
f 961 1059 1053
f 961 1053 962
f 961 1058 1060
f 961 1060 1059
f 964 976 1061
f 964 1061 1062
f 964 1062 1063
f 964 1063 965
f 965 1063 969
f 967 970 1064
f 967 1064 1065
f 967 1065 968
f 968 1065 971
f 969 1063 1062
f 969 1062 1066
f 969 1066 1064
f 969 1064 970
f 971 1056 972
f 971 1065 1056
f 972 1056 973
f 975 1049 1047
f 975 1047 976
f 976 1047 1061
f 977 1052 1067
f 977 1067 1068
f 977 1068 1069
f 977 1069 1070
f 977 1070 1071
f 977 1071 1072
f 977 1072 978
f 978 1072 1073
f 978 1073 1074
f 978 1074 979
f 979 1074 1075
f 979 1075 980
f 980 1075 994
f 980 994 988
f 981 996 1076
f 981 1076 1077
f 981 1077 983
f 981 983 982
f 983 1077 1078
f 983 1078 986
f 983 986 985
f 986 1078 987
f 987 1078 1079
f 987 1079 1080
f 987 1080 1081
f 987 1081 1082
f 987 1082 1083
f 987 1083 997
f 989 1084 1085
f 989 1085 990
f 989 994 1075
f 989 1075 1084
f 990 1085 1086
f 990 1086 991
f 991 1086 1087
f 991 1087 1088
f 991 1088 992
f 992 1089 1090
f 992 1090 993
f 992 1088 1091
f 992 1091 1092
f 992 1092 1089
f 993 1090 995
f 995 1090 1089
f 995 1089 1093
f 995 1093 1094
f 995 1094 1095
f 995 1095 1076
f 995 1076 996
f 997 1083 998
f 998 1083 1096
f 998 1096 1012
f 999 1000 1014
f 999 1014 1097
f 999 1097 1098
f 999 1098 1099
f 999 1099 1002
f 1002 1099 1100
f 1002 1100 1003
f 1003 1100 1005
f 1003 1005 1004
f 1005 1101 1102
f 1005 1102 1006
f 1005 1100 1101
f 1006 1102 1103
f 1006 1103 1104
f 1006 1104 1007
f 1007 1104 1105
f 1007 1105 1008
f 1008 1105 1106
f 1008 1106 1107
f 1008 1107 1108
f 1008 1108 1009
f 1009 1108 1109
f 1009 1109 1010
f 1010 1109 1011
f 1011 1109 1110
f 1011 1110 1111
f 1011 1111 1018
f 1012 1096 1013
f 1013 1096 1014
f 1014 1096 1112
f 1014 1112 1097
f 1015 1017 1016
f 1015 1022 1113
f 1015 1113 1017
f 1017 1114 1024
f 1017 1113 1114
f 1018 1111 1115
f 1018 1115 1021
f 1018 1021 1019
f 1019 1021 1020
f 1021 1116 1117
f 1021 1117 1022
f 1021 1115 1116
f 1022 1117 1113
f 1023 1025 1118
f 1024 1114 1119
f 1024 1119 1120
f 1024 1120 1025
f 1025 1120 1121
f 1025 1121 1118
f 1026 1122 1123
f 1026 1123 1124
f 1026 1124 1027
f 1027 1124 1028
f 1028 1124 1029
f 1029 1125 1126
f 1029 1126 1030
f 1029 1124 1125
f 1030 1126 1127
f 1030 1127 1031
f 1031 1127 1050
f 1032 1050 1128
f 1032 1128 1129
f 1032 1129 1033
f 1033 1129 1130
f 1033 1130 1131
f 1033 1131 1034
f 1034 1131 1132
f 1034 1132 1035
f 1035 1132 1036
f 1036 1132 1037
f 1037 1133 1038
f 1037 1132 1131
f 1037 1131 1134
f 1037 1134 1135
f 1037 1135 1136
f 1037 1136 1137
f 1037 1137 1138
f 1037 1138 1139
f 1037 1139 1140
f 1037 1140 1133
f 1038 1133 1039
f 1039 1133 1141
f 1039 1141 1142
f 1039 1142 1040
f 1040 1142 1143
f 1040 1143 1144
f 1040 1144 1041
f 1041 1144 1145
f 1041 1145 1146
f 1041 1146 1147
f 1041 1147 1042
f 1042 1147 1148
f 1042 1148 1149
f 1042 1149 1150
f 1042 1150 1151
f 1042 1151 1043
f 1043 1151 1152
f 1043 1152 1044
f 1044 1152 1047
f 1044 1047 1045
f 1047 1152 1153
f 1047 1153 1154
f 1047 1154 1066
f 1047 1066 1061
f 1047 1049 1048
f 1050 1129 1128
f 1050 1127 1129
f 1051 1055 1155
f 1051 1155 1052
f 1052 1155 1068
f 1052 1068 1067
f 1053 1059 1156
f 1053 1156 1054
f 1054 1157 1155
f 1054 1155 1055
f 1054 1156 1157
f 1056 1065 1158
f 1056 1158 1159
f 1056 1159 1160
f 1056 1160 1057
f 1057 1160 1058
f 1058 1160 1159
f 1058 1159 1161
f 1058 1161 1060
f 1059 1060 1156
f 1060 1162 1156
f 1060 1161 1163
f 1060 1163 1162
f 1061 1066 1062
f 1064 1164 1165
f 1064 1165 1159
f 1064 1159 1065
f 1064 1066 1166
f 1064 1166 1167
f 1064 1167 1164
f 1065 1159 1158
f 1066 1168 1166
f 1066 1154 1168
f 1068 1070 1069
f 1068 1155 1157
f 1068 1157 1156
f 1068 1156 1169
f 1068 1169 1170
f 1068 1170 1171
f 1068 1171 1172
f 1068 1172 1173
f 1068 1173 1174
f 1068 1174 1070
f 1070 1174 1175
f 1070 1175 1176
f 1070 1176 1071
f 1071 1176 1073
f 1071 1073 1072
f 1073 1176 1177
f 1073 1177 1178
f 1073 1178 1074
f 1074 1178 1075
f 1075 1178 1084
f 1076 1095 1179
f 1076 1179 1180
f 1076 1180 1181
f 1076 1181 1077
f 1077 1181 1078
f 1078 1181 1180
f 1078 1180 1182
f 1078 1182 1079
f 1079 1182 1080
f 1080 1182 1183
f 1080 1183 1184
f 1080 1184 1081
f 1081 1184 1185
f 1081 1185 1186
f 1081 1186 1082
f 1082 1096 1083
f 1082 1186 1096
f 1084 1178 1177
f 1084 1177 1085
f 1085 1177 1187
f 1085 1187 1086
f 1086 1187 1188
f 1086 1188 1087
f 1087 1188 1189
f 1087 1189 1190
f 1087 1190 1191
f 1087 1191 1088
f 1088 1191 1192
f 1088 1192 1193
f 1088 1193 1194
f 1088 1194 1195
f 1088 1195 1091
f 1089 1092 1093
f 1091 1195 1196
f 1091 1196 1197
f 1091 1197 1194
f 1091 1194 1198
f 1091 1198 1199
f 1091 1199 1200
f 1091 1200 1092
f 1092 1200 1199
f 1092 1199 1201
f 1092 1201 1202
f 1092 1202 1203
f 1092 1203 1204
f 1092 1204 1205
f 1092 1205 1093
f 1093 1206 1094
f 1093 1205 1204
f 1093 1204 1206
f 1094 1206 1095
f 1095 1206 1179
f 1096 1186 1112
f 1097 1112 1186
f 1097 1186 1207
f 1097 1207 1098
f 1098 1208 1099
f 1098 1207 1208
f 1099 1208 1209
f 1099 1209 1100
f 1100 1209 1210
f 1100 1210 1211
f 1100 1211 1101
f 1101 1211 1212
f 1101 1212 1102
f 1102 1212 1213
f 1102 1213 1103
f 1103 1213 1214
f 1103 1214 1104
f 1104 1214 1215
f 1104 1215 1216
f 1104 1216 1105
f 1105 1216 1106
f 1106 1216 1217
f 1106 1217 1218
f 1106 1218 1107
f 1107 1218 1219
f 1107 1219 1220
f 1107 1220 1108
f 1108 1220 1109
f 1109 1220 1110
f 1110 1220 1111
f 1111 1221 1115
f 1111 1220 1221
f 1113 1117 1222
f 1113 1222 1119
f 1113 1119 1114
f 1115 1221 1223
f 1115 1223 1116
f 1116 1224 1225
f 1116 1225 1117
f 1116 1223 1317
f 1116 1317 1224
f 1117 1225 1222
f 1118 1121 1226
f 1119 1222 1227
f 1119 1227 1120
f 1120 1228 1230
f 1120 1230 1121
f 1120 1227 1229
f 1120 1229 1228
f 1121 1230 1231
f 1121 1231 1226
f 1122 1232 1123
f 1123 1232 1233
f 1123 1233 1234
f 1123 1234 1124
f 1124 1234 1125
f 1125 1234 1235
f 1125 1235 1236
f 1125 1236 1126
f 1126 1236 1237
f 1126 1237 1129
f 1126 1129 1127
f 1129 1237 1238
f 1129 1238 1130
f 1130 1238 1239
f 1130 1239 1240
f 1130 1240 1136
f 1130 1136 1134
f 1130 1134 1131
f 1133 1241 1141
f 1133 1140 1241
f 1134 1136 1135
f 1136 1240 1137
f 1137 1240 1242
f 1137 1242 1243
f 1137 1243 1138
f 1138 1243 1244
f 1138 1244 1245
f 1138 1245 1139
f 1139 1246 1247
f 1139 1247 1248
f 1139 1248 1140
f 1139 1245 1249
f 1139 1249 1250
f 1139 1250 1246
f 1140 1248 1251
f 1140 1251 1241
f 1141 1241 1251
f 1141 1251 1142
f 1142 1251 1252
f 1142 1252 1143
f 1143 1252 1253
f 1143 1253 1254
f 1143 1254 1255
f 1143 1255 1144
f 1144 1255 1256
f 1144 1256 1145
f 1145 1256 1257
f 1145 1257 1258
f 1145 1258 1146
f 1146 1258 1259
f 1146 1259 1260
f 1146 1260 1147
f 1147 1260 1148
f 1148 1260 1259
f 1148 1259 1261
f 1148 1261 1262
f 1148 1262 1168
f 1148 1168 1149
f 1149 1168 1150
f 1150 1168 1153
f 1150 1153 1152
f 1150 1152 1151
f 1153 1168 1154
f 1156 1162 1170
f 1156 1170 1169
f 1159 1165 1263
f 1159 1263 1161
f 1161 1263 1163
f 1162 1163 1170
f 1163 1263 1264
f 1163 1264 1265
f 1163 1265 1170
f 1164 1264 1165
f 1164 1167 1264
f 1165 1264 1263
f 1166 1168 1167
f 1167 1168 1266
f 1167 1266 1264
f 1168 1262 1266
f 1170 1265 1267
f 1170 1267 1268
f 1170 1268 1269
f 1170 1269 1270
f 1170 1270 1271
f 1170 1271 1171
f 1171 1271 1172
f 1172 1270 1258
f 1172 1258 1272
f 1172 1272 1273
f 1172 1273 1274
f 1172 1274 1275
f 1172 1275 1276
f 1172 1276 1173
f 1172 1271 1270
f 1173 1277 1174
f 1173 1276 1277
f 1174 1277 1175
f 1175 1187 1176
f 1175 1277 1278
f 1175 1278 1187
f 1176 1187 1177
f 1179 1206 1180
f 1180 1206 1279
f 1180 1279 1280
f 1180 1280 1281
f 1180 1281 1282
f 1180 1282 1183
f 1180 1183 1182
f 1183 1282 1184
f 1184 1282 1283
f 1184 1283 1284
f 1184 1284 1285
f 1184 1285 1286
f 1184 1286 1185
f 1185 1286 1186
f 1186 1286 1285
f 1186 1285 1207
f 1187 1278 1188
f 1188 1278 1189
f 1189 1278 1287
f 1189 1287 1190
f 1190 1287 1288
f 1190 1288 1191
f 1191 1288 1192
f 1192 1288 1193
f 1193 1288 1289
f 1193 1289 1194
f 1194 1290 1291
f 1194 1291 1292
f 1194 1292 1293
f 1194 1293 1198
f 1194 1197 1196
f 1194 1196 1195
f 1194 1289 1290
f 1198 1293 1292
f 1198 1292 1199
f 1199 1294 1201
f 1199 1292 1295
f 1199 1295 1294
f 1201 1296 1202
f 1201 1294 1295
f 1201 1295 1297
f 1201 1297 1298
f 1201 1298 1296
f 1202 1299 1203
f 1202 1296 1300
f 1202 1300 1299
f 1203 1299 1204
f 1204 1301 1280
f 1204 1280 1206
f 1204 1299 1301
f 1206 1280 1279
f 1207 1285 1208
f 1208 1302 1303
f 1208 1303 1209
f 1208 1285 1302
f 1209 1303 1210
f 1210 1304 1305
f 1210 1305 1211
f 1210 1303 1304
f 1211 1305 1212
f 1212 1305 1306
f 1212 1306 1307
f 1212 1307 1213
f 1213 1307 1308
f 1213 1308 1214
f 1214 1308 1309
f 1214 1309 1310
f 1214 1310 1215
f 1215 1310 1216
f 1216 1310 1217
f 1217 1310 1311
f 1217 1311 1218
f 1218 1311 1312
f 1218 1312 1219
f 1219 1312 1313
f 1219 1313 1314
f 1219 1314 1220
f 1220 1314 1315
f 1220 1315 1221
f 1221 1314 1316
f 1221 1316 1223
f 1221 1315 1314
f 1222 1225 1227
f 1223 1316 1317
f 1224 1318 1225
f 1224 1317 1318
f 1225 1318 1227
f 1227 1318 1319
f 1227 1319 1229
f 1228 1320 1321
f 1228 1321 1322
f 1228 1322 1323
f 1228 1323 1324
f 1228 1324 1231
f 1228 1231 1230
f 1228 1229 1320
f 1229 1319 1325
f 1229 1325 1320
f 1233 1326 1327
f 1233 1327 1234
f 1234 1327 1328
f 1234 1328 1329
f 1234 1329 1235
f 1235 1330 1236
f 1235 1329 1330
f 1236 1330 1237
f 1237 1331 1238
f 1237 1330 1331
f 1238 1331 1239
f 1239 1332 1242
f 1239 1242 1240
f 1239 1331 1333
f 1239 1333 1334
f 1239 1334 1332
f 1242 1332 1335
f 1242 1335 1336
f 1242 1336 1337
f 1242 1337 1243
f 1243 1337 1336
f 1243 1336 1244
f 1244 1338 1249
f 1244 1249 1245
f 1244 1336 1338
f 1246 1250 1247
f 1247 1250 1339
f 1247 1339 1248
f 1248 1340 1251
f 1248 1339 1341
f 1248 1341 1340
f 1249 1338 1250
f 1250 1342 1339
f 1250 1338 1343
f 1250 1343 1342
f 1251 1344 1252
f 1251 1340 1344
f 1252 1345 1253
f 1252 1344 1345
f 1253 1345 1254
f 1254 1345 1346
f 1254 1346 1255
f 1255 1347 1348
f 1255 1348 1349
f 1255 1349 1256
f 1255 1346 1350
f 1255 1350 1351
f 1255 1351 1347
f 1256 1349 1257
f 1257 1272 1258
f 1257 1349 1272
f 1258 1270 1269
f 1258 1269 1352
f 1258 1352 1259
f 1259 1352 1269
f 1259 1269 1268
f 1259 1268 1353
f 1259 1353 1261
f 1261 1353 1266
f 1261 1266 1262
f 1264 1266 1353
f 1264 1353 1265
f 1265 1353 1268
f 1265 1268 1267
f 1272 1349 1273
f 1273 1349 1274
f 1274 1349 1348
f 1274 1348 1354
f 1274 1354 1275
f 1275 1287 1355
f 1275 1355 1276
f 1275 1354 1287
f 1276 1355 1277
f 1277 1355 1356
f 1277 1356 1278
f 1278 1356 1287
f 1280 1357 1358
f 1280 1358 1281
f 1280 1301 1357
f 1281 1358 1283
f 1281 1283 1282
f 1283 1357 1359
f 1283 1359 1360
f 1283 1360 1361
f 1283 1361 1285
f 1283 1285 1284
f 1283 1358 1357
f 1285 1361 1362
f 1285 1362 1302
f 1287 1356 1355
f 1287 1354 1363
f 1287 1363 1364
f 1287 1364 1288
f 1288 1364 1289
f 1289 1364 1365
f 1289 1365 1290
f 1290 1365 1291
f 1291 1365 1366
f 1291 1366 1292
f 1292 1366 1367
f 1292 1367 1295
f 1295 1368 1297
f 1295 1367 1369
f 1295 1369 1370
f 1295 1370 1368
f 1296 1298 1371
f 1296 1371 1300
f 1297 1368 1298
f 1298 1372 1371
f 1298 1368 1370
f 1298 1370 1373
f 1298 1373 1374
f 1298 1374 1375
f 1298 1375 1376
f 1298 1376 1377
f 1298 1377 1372
f 1299 1300 1378
f 1299 1378 1379
f 1299 1379 1301
f 1300 1371 1380
f 1300 1380 1381
f 1300 1381 1378
f 1301 1379 1382
f 1301 1382 1359
f 1301 1359 1357
f 1302 1362 1383
f 1302 1383 1303
f 1303 1383 1304
f 1304 1384 1305
f 1304 1383 1384
f 1305 1384 1385
f 1305 1385 1386
f 1305 1386 1306
f 1306 1386 1387
f 1306 1387 1307
f 1307 1387 1388
f 1307 1388 1389
f 1307 1389 1308
f 1308 1389 1390
f 1308 1390 1309
f 1309 1390 1310
f 1310 1390 1311
f 1311 1390 1391
f 1311 1391 1392
f 1311 1392 1312
f 1312 1392 1393
f 1312 1393 1394
f 1312 1394 1395
f 1312 1395 1313
f 1313 1395 1314
f 1314 1395 1317
f 1314 1317 1316
f 1317 1395 1396
f 1317 1396 1318
f 1318 1396 1319
f 1319 1396 1397
f 1319 1397 1398
f 1319 1398 1399
f 1319 1399 1325
f 1320 1325 1321
f 1321 1325 1400
f 1321 1400 1401
f 1321 1401 1402
f 1321 1402 1403
f 1321 1403 1322
f 1322 1403 1404
f 1322 1404 1323
f 1323 1404 1403
f 1323 1403 1406
f 1323 1406 1405
f 1325 1399 1400
f 1326 1407 1327
f 1327 1408 1328
f 1327 1407 1409
f 1327 1409 1410
f 1327 1410 1408
f 1328 1408 1329
f 1329 1408 1411
f 1329 1411 1412
f 1329 1412 1413
f 1329 1413 1330
f 1330 1413 1412
f 1330 1412 1414
f 1330 1414 1331
f 1331 1414 1412
f 1331 1412 1333
f 1332 1415 1335
f 1332 1334 1415
f 1333 1412 1334
f 1334 1412 1416
f 1334 1416 1417
f 1334 1417 1418
f 1334 1418 1419
f 1334 1419 1415
f 1335 1420 1336
f 1335 1415 1421
f 1335 1421 1422
f 1335 1422 1420
f 1336 1420 1423
f 1336 1423 1338
f 1338 1423 1424
f 1338 1424 1343
f 1339 1425 1426
f 1339 1426 1341
f 1339 1342 1427
f 1339 1427 1425
f 1340 1341 1428
f 1340 1428 1429
f 1340 1429 1430
f 1340 1430 1431
f 1340 1431 1344
f 1341 1426 1432
f 1341 1432 1428
f 1342 1343 1433
f 1342 1433 1434
f 1342 1434 1427
f 1343 1424 1435
f 1343 1435 1436
f 1343 1436 1433
f 1344 1431 1430
f 1344 1430 1345
f 1345 1430 1351
f 1345 1351 1346
f 1346 1351 1350
f 1347 1354 1348
f 1347 1351 1354
f 1351 1437 1438
f 1351 1438 1439
f 1351 1439 1354
f 1351 1430 1429
f 1351 1429 1428
f 1351 1428 1437
f 1354 1440 1365
f 1354 1365 1363
f 1354 1439 1440
f 1359 1441 1360
f 1359 1382 1442
f 1359 1442 1441
f 1360 1441 1362
f 1360 1362 1361
f 1362 1441 1383
f 1363 1365 1364
f 1365 1440 1366
f 1366 1443 1367
f 1366 1440 1443
f 1367 1443 1369
f 1369 1444 1445
f 1369 1445 1446
f 1369 1446 1447
f 1369 1447 1370
f 1369 1443 1444
f 1370 1448 1449
f 1370 1449 1450
f 1370 1450 1451
f 1370 1451 1452
f 1370 1452 1453
f 1370 1453 1454
f 1370 1454 1455
f 1370 1455 1456
f 1370 1456 1373
f 1370 1447 1457
f 1370 1457 1458
f 1370 1458 1459
f 1370 1459 1428
f 1370 1428 1460
f 1370 1460 1461
f 1370 1461 1462
f 1370 1462 1463
f 1370 1463 1448
f 1371 1372 1380
f 1372 1464 1380
f 1372 1377 1465
f 1372 1465 1466
f 1372 1466 1464
f 1373 1456 1374
f 1374 1455 1467
f 1374 1467 1468
f 1374 1468 1376
f 1374 1376 1375
f 1374 1456 1455
f 1376 1468 1377
f 1377 1468 1465
f 1378 1442 1382
f 1378 1382 1379
f 1378 1381 1469
f 1378 1469 1470
f 1378 1470 1442
f 1380 1464 1469
f 1380 1469 1381
f 1383 1441 1471
f 1383 1471 1384
f 1384 1471 1472
f 1384 1472 1473
f 1384 1473 1385
f 1385 1473 1474
f 1385 1474 1386
f 1386 1474 1387
f 1387 1474 1475
f 1387 1475 1388
f 1388 1475 1476
f 1388 1476 1477
f 1388 1477 1389
f 1389 1477 1390
f 1390 1477 1391
f 1391 1477 1478
f 1391 1478 1479
f 1391 1479 1392
f 1392 1479 1480
f 1392 1480 1481
f 1392 1481 1482
f 1392 1482 1393
f 1393 1482 1396
f 1393 1396 1394
f 1394 1396 1395
f 1396 1482 1483
f 1396 1483 1397
f 1397 1483 1482
f 1397 1482 1484
f 1397 1484 1398
f 1398 1484 1485
f 1398 1485 1486
f 1398 1486 1487
f 1398 1487 1399
f 1399 1487 1488
f 1399 1488 1400
f 1400 1488 1401
f 1401 1489 1490
f 1401 1490 1406
f 1401 1406 1402
f 1401 1488 1489
f 1402 1406 1403
f 1405 1491 1492
f 1405 1406 1493
f 1405 1493 1491
f 1406 1490 1493
f 1408 1410 1494
f 1408 1494 1495
f 1408 1495 1411
f 1411 1496 1418
f 1411 1418 1417
f 1411 1417 1412
f 1411 1495 1497
f 1411 1497 1496
f 1412 1417 1416
f 1415 1419 1498
f 1415 1498 1499
f 1415 1499 1421
f 1418 1496 1500
f 1418 1500 1501
f 1418 1501 1419
f 1419 1501 1498
f 1420 1422 1502
f 1420 1502 1435
f 1420 1435 1424
f 1420 1424 1423
f 1421 1499 1422
f 1422 1503 1514
f 1422 1514 1502
f 1422 1499 1504
f 1422 1504 1503
f 1425 1505 1506
f 1425 1506 1426
f 1425 1427 1507
f 1425 1507 1505
f 1426 1506 1432
f 1427 1434 1507
f 1428 1459 1458
f 1428 1458 1508
f 1428 1508 1437
f 1428 1432 1509
f 1428 1509 1527
f 1428 1527 1460
f 1432 1506 1505
f 1432 1505 1507
f 1432 1507 1509
f 1433 1436 1434
f 1434 1436 1510
f 1434 1510 1511
f 1434 1511 1512
f 1434 1512 1507
f 1435 1513 1511
f 1435 1511 1510
f 1435 1510 1436
f 1435 1502 1514
f 1435 1514 1515
f 1435 1515 1513
f 1437 1508 1458
f 1437 1458 1457
f 1437 1457 1447
f 1437 1447 1446
f 1437 1446 1438
f 1438 1446 1445
f 1438 1445 1439
f 1439 1445 1444
f 1439 1444 1443
f 1439 1443 1440
f 1441 1442 1516
f 1441 1516 1471
f 1442 1470 1516
f 1448 1463 1517
f 1448 1517 1449
f 1449 1517 1450
f 1450 1518 1519
f 1450 1519 1451
f 1450 1517 1518
f 1451 1519 1520
f 1451 1520 1452
f 1452 1520 1521
f 1452 1521 1453
f 1453 1521 1522
f 1453 1522 1523
f 1453 1523 1524
f 1453 1524 1454
f 1454 1524 1525
f 1454 1525 1526
f 1454 1526 1455
f 1455 1526 1467
f 1460 1527 1461
f 1461 1527 1462
f 1462 1527 1528
f 1462 1528 1529
f 1462 1529 1530
f 1462 1530 1463
f 1463 1530 1531
f 1463 1531 1532
f 1463 1532 1517
f 1464 1466 1469
f 1465 1468 1533
f 1465 1533 1466
f 1466 1533 1469
f 1467 1534 1468
f 1467 1526 1534
f 1468 1535 1536
f 1468 1536 1533
f 1468 1534 1537
f 1468 1537 1535
f 1469 1533 1538
f 1469 1538 1516
f 1469 1516 1470
f 1471 1516 1472
f 1472 1516 1539
f 1472 1539 1473
f 1473 1540 1541
f 1473 1541 1542
f 1473 1542 1474
f 1473 1539 1540
f 1474 1542 1543
f 1474 1543 1544
f 1474 1544 1545
f 1474 1545 1475
f 1475 1545 1476
f 1476 1545 1477
f 1477 1545 1478
f 1478 1546 1547
f 1478 1547 1479
f 1478 1545 1546
f 1479 1547 1548
f 1479 1548 1549
f 1479 1549 1480
f 1480 1549 1550
f 1480 1550 1481
f 1481 1550 1484
f 1481 1484 1482
f 1484 1550 1485
f 1485 1550 1551
f 1485 1551 1486
f 1486 1551 1552
f 1486 1552 1553
f 1486 1553 1487
f 1487 1553 1554
f 1487 1554 1555
f 1487 1555 1488
f 1488 1555 1489
f 1489 1556 1557
f 1489 1557 1490
f 1489 1555 1554
f 1489 1554 1553
f 1489 1553 1558
f 1489 1558 1556
f 1490 1557 1493
f 1491 1559 1560
f 1491 1560 1492
f 1491 1493 1559
f 1493 1557 1556
f 1493 1556 1561
f 1493 1561 1562
f 1493 1562 1563
f 1493 1563 1564
f 1493 1564 1559
f 1494 1497 1495
f 1496 1497 1500
f 1497 1565 1500
f 1498 1501 1566
f 1498 1566 1567
f 1498 1567 1504
f 1498 1504 1499
f 1500 1565 1568
f 1500 1568 1501
f 1501 1568 1566
f 1503 1569 1515
f 1503 1515 1514
f 1503 1504 1570
f 1503 1570 1569
f 1504 1567 1571
f 1504 1571 1570
f 1507 1512 1509
f 1509 1512 1528
f 1509 1528 1527
f 1511 1513 1515
f 1511 1515 1572
f 1511 1572 1512
f 1512 1572 1573
f 1512 1573 1588
f 1512 1588 1528
f 1515 1569 1572
f 1516 1538 1535
f 1516 1535 1539
f 1517 1532 1518
f 1518 1574 1575
f 1518 1575 1576
f 1518 1576 1519
f 1518 1532 1577
f 1518 1577 1574
f 1519 1576 1578
f 1519 1578 1579
f 1519 1579 1520
f 1520 1579 1521
f 1521 1579 1580
f 1521 1580 1581
f 1521 1581 1582
f 1521 1582 1523
f 1521 1523 1522
f 1523 1582 1581
f 1523 1581 1583
f 1523 1583 1584
f 1523 1584 1525
f 1523 1525 1524
f 1525 1584 1585
f 1525 1585 1586
f 1525 1586 1587
f 1525 1587 1534
f 1525 1534 1526
f 1528 1588 1530
f 1528 1530 1529
f 1530 1588 1589
f 1530 1589 1590
f 1530 1590 1591
f 1530 1591 1531
f 1531 1591 1592
f 1531 1592 1532
f 1532 1592 1577
f 1533 1536 1535
f 1533 1535 1538
f 1534 1587 1537
f 1535 1537 1587
f 1535 1587 1593
f 1535 1593 1541
f 1535 1541 1540
f 1535 1540 1539
f 1541 1593 1594
f 1541 1594 1542
f 1542 1594 1595
f 1542 1595 1543
f 1543 1595 1544
f 1544 1596 1545
f 1544 1595 1596
f 1545 1596 1597
f 1545 1597 1598
f 1545 1598 1599
f 1545 1599 1546
f 1546 1599 1600
f 1546 1600 1601
f 1546 1601 1602
f 1546 1602 1547
f 1547 1602 1603
f 1547 1603 1548
f 1548 1603 1551
f 1548 1551 1549
f 1549 1551 1550
f 1551 1604 1552
f 1551 1603 1604
f 1552 1604 1575
f 1552 1575 1605
f 1552 1605 1553
f 1553 1605 1606
f 1553 1606 1607
f 1553 1607 1558
f 1556 1558 1607
f 1556 1607 1608
f 1556 1608 1561
f 1559 1573 1609
f 1559 1609 1610
f 1559 1610 1611
f 1559 1611 1612
f 1559 1612 1613
f 1559 1613 1560
f 1559 1564 1614
f 1559 1614 1588
f 1559 1588 1573
f 1561 1589 1614
f 1561 1614 1562
f 1561 1608 1607
f 1561 1607 1589
f 1562 1614 1564
f 1562 1564 1563
f 1565 1615 1568
f 1566 1616 1567
f 1566 1568 1616
f 1567 1616 1617
f 1567 1617 1571
f 1568 1618 1616
f 1568 1615 1618
f 1569 1570 1619
f 1569 1619 1572
f 1570 1571 1620
f 1570 1620 1621
f 1570 1621 1619
f 1571 1617 1622
f 1571 1622 1620
f 1572 1619 1573
f 1573 1619 1609
f 1574 1577 1623
f 1574 1623 1575
f 1575 1604 1576
f 1575 1623 1605
f 1576 1604 1624
f 1576 1624 1601
f 1576 1601 1578
f 1577 1592 1591
f 1577 1591 1590
f 1577 1590 1625
f 1577 1625 1623
f 1578 1601 1626
f 1578 1626 1579
f 1579 1626 1580
f 1580 1626 1599
f 1580 1599 1581
f 1581 1599 1597
f 1581 1597 1585
f 1581 1585 1583
f 1583 1585 1584
f 1585 1596 1595
f 1585 1595 1586
f 1585 1597 1596
f 1586 1595 1594
f 1586 1594 1587
f 1587 1594 1593
f 1588 1614 1589
f 1589 1607 1627
f 1589 1627 1590
f 1590 1627 1625
f 1597 1599 1598
f 1599 1626 1601
f 1599 1601 1600
f 1601 1624 1604
f 1601 1604 1602
f 1602 1604 1603
f 1605 1623 1625
f 1605 1625 1607
f 1605 1607 1606
f 1607 1625 1627
f 1609 1619 1628
f 1609 1628 1629
f 1609 1629 1630
f 1609 1630 1610
f 1610 1630 1620
f 1610 1620 1611
f 1611 1622 1631
f 1611 1631 1612
f 1611 1620 1622
f 1615 1632 1633
f 1615 1633 1618
f 1616 1618 1633
f 1616 1633 1617
f 1617 1633 1622
f 1619 1621 1628
f 1620 1630 1621
f 1621 1630 1628
f 1622 1633 1634
f 1622 1634 1631
f 1628 1630 1629
f 1632 1635 1633
f 1633 1635 1634

